,id
0,min-zhi-92398061
1,diogomaximino
2,yixing-cai
3,denizozagac
4,mkisantal
5,dani%C3%ABl-willemsen-baa963a9
6,eduardomlourenco
7,robinsippe
8,isha1998
9,quim-serra-faber
10,saurabhnerkar
11,patrick-nijman-2b3641b0
12,menno-herbrink-5b8163b1
13,dr-karsten-baumgarten-238580152
14,vittorio-maio-mtm
15,asiya-kudarova-89954517
16,matthieu-bemelmans-26b65541
17,sonlam
18,adgsantos
19,arlin-keo-487678109
20,ties-westerborg
21,tycho-tax-868286a6
22,josecegra
23,danieljwoolridge
24,niels-mokkenstorm-a7714811b
25,oleksandr-babaskin
26,aaron-w-04b25b106
27,nhoogeveen
28,ericmuijs
29,kaan-kayyum-koc
30,petar-ulev-73b109177
31,ftcclaessen
32,hazodi
33,vanapanagiotou
34,marta-tintor%C3%A9-gazulla-47b9b8129
35,ted-drogendijk-15083414
36,ACoAABh_hGUBSBqMaefGqjitQxVWHZtlDexi6p8
37,dominiqueladee
38,tessavanderheiden
39,wouter-plaetinck-494239a5
40,freddysnijder
41,sjoerd-wiarda
42,sarthak-agarwal01
43,matejkosec
44,milena-r-4680434
45,manousogiannis
46,sinuo-chen
47,madalin-dumitru-guzu-b38b9727
48,anirvin-sharma
49,ewald-schrader-537441140
50,xinyue-wang
51,rpytel1
52,debadeep-basu
53,sjoerd-van-vliet
54,danielsparing
55,nancy-sawirjo
56,lekhanambiar
57,vu-minh-ngan-3287ab53
58,das-tuhin
59,opouwels
60,rafal-skolasinski
61,evan-decorte-87573788
62,guillermorodriguezmonbarrera
63,nihal-darraj
64,helda-pahlavani-735069134
65,juandavidpatino
66,jan-buijnsters-21a773108
67,rubenverboon
68,francescocorsini
69,steven-van-ombergen-0bb62a8
70,joor-arkesteijn-17952018
71,s-olia-5000073a
72,paris-rogiest-5063892b
73,arash-vafanejad-phd-12318314
74,mscoop
75,bart-ziengs-08019713b
76,victorkoppejan
77,srzvni
78,philine-luik-4b23b4118
79,alessandro-giordani
80,srmds
81,apoorva-arora-733867ba
82,priyadwivedi20
83,duonganhhoang
84,petertieleman
85,krist%C3%B3f-s%C3%A1ndor-b34a3a21b
86,chirag-anand-3b6baa23
87,huizingarobin
88,sjoerdrdejong
89,abcamara
90,kevinjacobs1991
91,ppdoan
92,javier-mondragon
93,ronald-olsthoorn-14b450117
94,william-page-75bab49b
95,sjoerd-van-bekhoven
96,sanneelschot
97,sebastiaan-hermans-8ab23a150
98,xiaowei-ma-344a3059
99,anuj-singh23
100,luis-guzman-reyes
101,armannas
102,arsene-keya-32156045
103,cgreco94
104,nielslommers
105,marcinjarosz22
106,eric-wolters-766b24121
107,larsvandersteen
108,volodymyr-stolovytskyi-58b7b9107
109,lu-wang-ab23891
110,karim-bennani-31b20874
111,jesseeppink
112,roozbeh-mohammadi
113,phillippe-bruneau-096b331
114,cedricrgthiry
115,daley-adrichem-96711765
116,patriziasulis
117,zubair-nawaz
118,franciscom-data-scientist
119,yuchuan-fu-8b9b40148
120,yuxinjiang9851
121,caspervanlit
122,azlaan-mustafa-samad
123,dhruv-batheja
124,shivangi-aneja
125,venchandrasekar
126,abhishek-tomy-a652bba4
127,aishwarya-shastry-09061995
128,varun-sudhakar
129,mustafa-yesilyurt-640200a1
130,aayush-garg-8b26a734
131,ericka-matsuda-martin-86a378113
132,charitini-andriakopoulou-43585a188
133,pedroesmeriz
134,adilakhter
135,franz-zeisler-79635a268
136,kylesrmcinnes
137,karthik-arvind-arunmoli
138,gertjanvdbos
139,dagnachew
140,vdegraaff
141,anaghamrajeev
142,debarshi-basak
143,trungnm
144,vketelaars
145,elarbi
146,daniel-van-gelder
147,boris-mattijssen
148,lukechinafoeng
149,leslienooteboom
150,simone-spagnoli
151,andrebreis
152,soroosh-poorgholi-006148b7
153,stijn-de-waele-5a78519
154,rogier-hockers-b1985b206
155,yu-xie-181584149
156,alexandrosstavroulakis
157,farisacurrie
158,jan-verheyen
159,sal1l
160,yueliukth
161,wesleyboelrijk
162,michael-anastasakis
163,frederik-belien-15974224
164,mohamedelakel
165,robertodominguezgomez
166,danielbanyay
167,mbardac
168,r-gokul-nayar
169,jamal-addin-bahrampoor
170,renebakker
171,husain-kapadia-28h11k95
172,jannickseelen
173,afshinvahidb
174,ijeoma-ndu
175,tim-rietveld
176,anishdiwan
177,bui-quoc-chinh-4028a68
178,andrzej-westfalewicz
179,amghiassi
180,georgiosmethenitis
181,alexander-spoelstra-14480b63
182,wasif-muhammad-5a01a5256
183,ruihanlim
184,tian-he-phang-4088507b
185,xiao-wei-07
186,dragos-paul-vecerdea
187,yang1991escience
188,mohamedbaioumy
189,pedro-caldeira-abreu
190,fcremer
191,boris-avilov-740257133
192,andrea-agostinelli
193,joostbloom
194,verma-ayush
195,hogard-janssen-8a0a4248
196,simran-karnani-957846194
197,erwin-hoogerwerf-aba34974
198,himanshu-gupta
199,martijn-folmer-68026287
200,dimitris-stafylarakis
201,giuseppe-mascellaro-applied-scientist
202,sabrina-wirjopawiro-101616129
203,bram-van-es-9005913
204,pasqualeclaudiobruno
205,joaomdealmeida
206,ACoAAB2-O_sBh04iKXwV5xjk5EV3hI-U14jiy4M
207,cagritekinay
208,martin-kooper-82296982
209,ACoAAACekNAB1BUrNimXUUQTzDESbJfp1GCd0QY
210,mengmeng-ye-468924a2
211,anner-dejong
212,boyang-tang-2b59a8121
213,ACoAAAA_yywB1FtnS7JxscVCxeB34QTytwzLzkk
214,quentin-oschatz
215,bramthelen
216,vincentheusinkveld
217,ACoAABHRAP0Bd3q1gMGbTuQTp6Eu6A4hrDng3qI
218,antonis-oikonomopoulos-0804544
219,nico-de-vos
220,govert-soeters-van-toorenburg-a362aa31
221,longhowlam
222,ACoAACgbkHEB_6IeEY-xbOc5aLV5RaM5axvmlRM
223,evelien-van-bokhorst
224,niels-van-der-slot
225,michael-schoustra-aba39984
226,ishanghanmode
227,inez-wensing-768bb5107
228,orhan-rauf-akdemir
229,ties-rozema
230,erfan-nariman-a5583339
231,zixia-hu-158b297
232,ivan-koryakovskiy-653b2750
233,hylkehendriksen
234,hang-ji-karen
235,akalgreadis
236,yinghao-dai
237,vitorfteixeira
238,alexander-lukyanov-3363702b
239,bartosz-zablocki
240,xiangyun-h-22a4357b
241,lucas-amaral-composites
242,wilhelm-van-de-kamp-72b309143
243,hossein-zarein-937458a0
244,ayseidilevci
245,kcharalampidou
246,rashed-muslem-77305a14b
247,deepak-gupta-05b48828
248,nicolas-bello-1b0b09200
249,tingtingqiao
250,matteo-pocchiari
251,muhammed-imran-%C3%B6zyar-25791a146
252,marina-nano-046b3796
253,roy-klip
254,berenger-nguyen
255,nanne-aben
256,rhtermaat
257,laszlo-daniel
258,romikharisnawan
259,peterkuystermans
260,francesco-picetti
261,deniz-can-kalender
262,casperteirlinck
263,pavithraraghunathan
264,mees-strooker-23b1b323
265,nantianjie-deng-169b9183
266,m-alejandro-castaneda
267,pranav-prakash-10379398
268,jschilamack
269,madejongh
270,daniel-van-der-ende-48b35571
271,shruti-agrawal-a9031b7b
272,andywxang
273,konrad-kaliszka-85504898
274,dennisschrijvers
275,ACoAAANlsTUB98UdO6C68PPX8EwBTnsJxowgMjA
276,jo%C3%A3o-mil-homens-34585922
277,arthur-kordes
278,mohammadi-hadi
279,mauro-comi
280,wang-bo-20632a65
281,rmdejong
282,robertuleman
283,rafailskoulos
284,alfonsoportabales
285,mfkhaliq
286,andreberghuis
287,rolf-janszen-7506a3b5
288,ruiaf
289,eeshuen
290,daan-van-den-assem-0673a3a3
291,james-bukosia-wafula-18699110
292,babak-loni-24054a37
293,miriamcc
294,jakubpietrak
295,donatiandrea
296,ACoAABxg5rIBK0dE3KBoTkcnJvW3X8iDoZeL3o8
297,imstevenpmwork
298,alexsanchezbravo
299,jaccozuijdweg
300,petervanbeek
301,prashant-kumar-190190
302,maximo-cravero-8443ab153
303,kenny-david-0b9791b0
304,ilmarkotte
305,giulio-cecco-8966347a
306,neha-kalia-4732a21b0
307,tomhemmes
308,yu-ma00
309,shyampr16
310,valerio-maretti-4a1360164
311,adityakunar
312,lars-zondag-28818797
313,vipul-paul-9219a17a
314,pedroascensao
315,arjanpeddemors
316,kexin-cassie-han-83951b38
317,ACoAAAAcPqsB-4zJoLpzli0DmscNgjcb3jagi1o
318,marijakruminaite
319,samson-habte-6320694a
320,martijn-eppenga-569075180
321,mohammed-ali-mohammed-ali
322,vincentwarmerdam
323,emmeleiamastoropoulou
324,vmtorresserrano
325,telmo-felgueira
326,hugodlopes
327,miradasilva-joao
328,jaspercaron
329,aalokparkash
330,victorwernet
331,hendrig-sellik-9ba423113
332,anant-pingle
333,victorklos
334,ACoAAAM9tEsBuxPP7kmtVAlvTX5d1BVkqKCcQUk
335,michalis-papadimitriou
336,dr-sina-montazeri-2a498096
337,jelle-ter-braak-b2a67260
338,jordi-smit-8778b51b4
339,melvin-santos-b32728ba
340,susanamsarmento
341,omar-b-b34a6358
342,morris-groot-beumer
343,bob-brocken-80971544
344,christiaan-erdbrink-phd-1a5576a5
345,leonid-davidov
346,bswastanto
347,tim-van-tilborg
348,kpksm
349,rajesh-rajwade
350,yuetingliu
351,ravindrar
352,marialuisataccari
353,giulimartini
354,stylianos-papadakis
355,fariborz-ghavamian-358b8a50
356,maartenkruithof
357,ACoAACKgAcEBJjRvlESc9p59GXmmJYJBVD0sz8s
358,manisha-sethia
359,karel-goense
360,yoseline-jim%C3%A9nez-8b7431b9
361,koengeurts
362,zhen-fang-44820012
363,avinashpancham
364,allarddewinter
365,jayachithra
366,annemarie-thijs
367,andreititu
368,simondahrs
369,yili2017
370,javier-barbadillo-93220216
371,jethrolow
372,manolis-papadakis-b1339915a
373,tomi-oredein
374,firdausjahan
375,matthijsvandorth
376,pedrotavares2000
377,alexandergeenen
378,moreno-merhai-4a72b4b
379,yuzhe-xiao-a83664151
380,ACoAAABxcbcBWQm3LBi8jCq7tJWorcxdF6kjOh8
381,geetank-raipuria
382,benedetta-bonfanti-42270119a
383,leoneshuijs
384,teo-cherici-a6a6509b
385,quintenuivel
386,lucy-t-gunawan-90b7bb1
387,samur-araujo-1111b57
388,pepijnthijssen
389,timothy-dressel-91206a146
390,ACoAABmagbcBTC1hHv1lVO-CAWHgaJ2539x08UY
391,marinosmarios
392,anurodhmishra
393,pablo-zom-a95111
394,glenn-keller-b93344b5
395,viktoriivanov
396,dr-peter-jun-wu-061110b5
397,julia-boschan-254aa398
398,ACoAAAI5IqcBMeWsX4lO696zz7Syt7quYP0IssA
399,sanjeev-ranjan-72714953
400,mark-zijdemans-93770511
401,alexander-gielisse-a61258203
402,alexandru-b%C4%83lan-89695aa9
403,sharon-grundmann-05ab9816b
404,prakash-radhakrishnan-98b19a11a
405,nanneosinga
406,machiel-stam-68001013a
407,hj-wassenaar
408,ACoAAAxzeOsBnEOqnGdxCHZkwOrFKFTtoIMRFC8
409,naderemami
410,avatsyayan
411,kkonsolakis
412,thijs-boumans-89ba35bb
413,brambloks
414,rakesh-sarma-13334241
415,habibu-atib-80566325
416,ana-maria-cheyre
417,julienvanburk
418,silvia-coral-5a7993110
419,andrea-pozzoli
420,amirreza-parya
421,julianderuiter
422,noah-posner-154420188
423,tadeusz-kaniewski-023738111
424,hendrahc
425,hanssalomonsson
426,chris-de-blois-77524012
427,miguel-%C3%A1ngel-ram%C3%ADrez-ordu%C3%B1a-a98a5391
428,radansuba
429,nico-van-dijk-data-scientist
430,georgi-trevnenski
431,jbrhebergen
432,rehan-saif-a72835112
433,inigobasterretxea
434,pradyumna-non-artificial-intelligence
435,jan-van-dongen-17304618a
436,ezra-bloemendaal-046a36156
437,sebastiaan-vermeulen
438,jorge-pessoa-94876712b
439,robbinveldhuis
440,nuno-a-santos
441,victorcadena
442,reinier-koops
443,lkoppens
444,suryanarayananms
445,johan-van-der-veen
446,shuaidong-data-engineer
447,amadeo-villar-81aa61198
448,jeroenvuurens
449,sepideh-mesbah-108b4121
450,ACoAAAq6Fk0BKXIXdEjY0E6aFrstewNejKcr0A8
451,filipafcastro
452,thorbenjensen
453,mehmet-emre-ozkan-879b3b155
454,paul-van-der-eijk-91a939
455,max-van-de-leijgraaf-5b857482
456,sahitisarva
457,pratheep-kumaar
458,jian-zheng-8837b9117
459,nick-van-dijk-119791b5
460,langkang
461,christian-von-hebel-8bb8b782
462,jinhuwang-tudelft
463,maxbroekman
464,michelasaleh
465,medina-bandi%C4%87-hesam-91b7b285
466,terencevu
467,erwin-poeze
468,mikhailsirenko
469,gcmarkensteijn
470,andrei-margert
471,s-hamza-
472,yash-singh-1a6132b6
473,guilherme-reis-bb4671154
474,jorge-valhondo
475,eva-van-rooijen
476,georgiosvgrigoriou
477,ehwouters
478,alexander-keijser-041063172
479,alexander-berndt
480,bruno-debrito
481,sebastiaan-hoekstra-a1283010
482,fmoraes0
483,markbekooy
484,antonio-pagano-04981317
485,diego-costa-b2a3504
486,george-dimitropoulos-686530159
487,sijian-deng-a7996237
488,estevezpablo
489,halleh-khoshnevis
490,bastiaan-van-gaalen-27ba36148
491,woutermertensit
492,nicolaivanrosmalen
493,xavier-goby
494,rbaart
495,karolis-m-5b7a68140
496,maryammiradi
497,wiwattananonp
498,sashaka
499,piotr-druzdzel
500,hui-tang-3ba56621
501,nivedita-prasad1993
502,marc-ponsen-4b594537
503,lucapantea
504,jimmy-vlekke-394b524b
505,arjuna-enait-9b393925
506,cansucullu
507,prajna-bhattacharya-5296564
508,aarabikrishnakumar
509,tarik-kazaz
510,agarella
511,marutiagarwal
512,tien-lam-nghiem-b0281a27
513,ujjwalk
514,miguelvr
515,kyana-shayan
516,abdelhaq-abouhafc-b243519
517,mlpeschl
518,burcak-sarac
519,vishanth-easwaramurthy
520,anederlof
521,viktor-knoben-8414a42a
522,butter
523,giselle-ramos-69a9bb9
524,shohreh-amini-6256955b
525,jakub-koubele-01b0498b
526,nik-nikooyan
527,phuckien
528,geoffbreemer
529,ariadna-pregel-hoderlein
530,norakuthe
531,merihkarabulut
532,jellemunk
533,vishruty
534,zenobelligoli
535,moustapha-diawara-862b59a0
536,raquelboessenkool
537,yang-ma-b85b3b81
538,joannainthout
539,tiexing-wang
540,ACoAAAgwEhABiVvIw_cg9zF_2fpC96SRJor0URY
541,leongraveland
542,plucarelli
543,anwesh-marwade-87172211b
544,rjghx
545,tngaspar
546,almerima
547,akash-singh-0762
548,deon-ha-1660191aa
549,marios-fourkiotis-5939731b3
550,ziqi-wang-342287130
551,valentijn-lemkes
552,mees-soek
553,friso-van-wassenaer-71b586123
554,nick-lubbers-34b50a94
555,harrovanderkroft
556,philipp-andermatt-7b8951137
557,fahadsohrab
558,jacob-de-zoete-52967a163
559,karishma-kumar-7a7302a7
560,erik-van-langelaar-704629b4
561,aasalman
562,pieter-tolsma-18355411a
563,gonzaloibaneze
564,karindeblank
565,danielvdhaak
566,vcovou
567,jan-tijink-94784063
568,itsmihirkapadia
569,varsriv
570,charlessambo
571,wessel-bruinsma
572,ni-kang-630a871a
573,koen-steinebach
574,hamidreza-shahriari-037a5871
575,jose-ignacio-de-alvear-cardenas
576,f%C3%A9lici%C3%ABn-veldema-24bb16114
577,pierluigi-felici-4390869b
578,omri-niri
579,salk1
580,aidenpham
581,rcaroprese
582,snehasaha152
583,marialuchsingermorcelle
584,zahrah-n-musa-ph-d-48447723
585,claudiacolellagiveback
586,job-mulder-527277171
587,bramkooijman
588,lessie
589,panos-kokkinakos-9aaa62a1
590,yeshwanthnapolean
591,muluemebet-g-ayalew
592,saisuprabhath
593,erdogant
594,vivek-varma98
595,panteliskaniouras
596,david-h%C3%BCbner-a90a5471
597,csanad-bakos
598,mohammed-maachou-779253144
599,sokratiskariotis
600,paulvdlaan
601,babak-ghafary-91288014
602,hazenbart
603,karan-ramsodit
604,mcvandoorn
605,franciscojfg
606,bram-kooiman-deep-learning-researcher
607,cortajarena
608,jose-luis-garcia-garcia-7a957a3a
609,jasper-schoormans
610,morgane-bourgeois
611,emil-kleszcz-80ba1693
612,kasper-wendel-180569198
613,lianwutang
614,mottom
615,aureliuszilko
616,leonoverweel
617,ljetten
618,naman-sachdeva
619,rodyoldenhuis
620,gideon-pappie
621,omar-abbas-aa8465160
622,stefanhulsbos
623,ACoAAAGBeIcBDCR0OQmyNsRlUH_gpLn8vwekOR0
624,aptroost
625,jtjanowski
626,edeyneka
627,najeebaslam
628,abhinandpusuluri
629,guillermo-gonz%C3%A1lez-archundia-353606119
630,dgireev
631,priyasarkar
632,konstantinos-p-metaxas
633,francisco-marquez-bonilla
634,p-evangeliou
635,nadine-kuo-120467218
636,k-simons
637,begbedokun
638,david-heeneman-3a836932
639,ACoAAAb-DkoBhaEJblVdmSsLwrHbzYeMzLAImlM
640,mark-farrell-09aa73110
641,wouter-swart-63336a132
642,a-soni
643,jiahong-tang-678a87b8
644,sebastiaanvergunst
645,chitra-balasubramanian
646,andrew-wr-gold
647,discoverzhihong
648,petra-izeboud
649,sanne-korzec-b9b5a810
650,matthew-hepworth
651,karthik-yadati
652,sandeepdpatil
653,ebeneditos
654,justas-and
655,kderijke
656,tvdrburgt
657,rogier-van-berlo-167017135
658,sreejith-c-04b9b227
659,chantal-olieman
660,carlosvarelamartin
661,lu-zhang-9a899119
662,roy-groot-082594b0
663,ivogrondman
664,ktsifoutis
665,jaume-masip-tresserra
666,yifeng-lin
667,raymond-koopmanschap
668,irjvanveen
669,varun-singh-3000
670,hontinman
671,nathan-van-der-wielen
672,roy-van-santen
673,cuong-dinh-68919b3b
674,ricardocsantana
675,xi-zhang-ab6852129
676,sagar-r-thorat-19767b23
677,nathalie-cohen90
678,joaquin-ruisenor
679,emilekelkboom
680,roger-zhe-li
681,hans-spiegelaar-9a366b2
682,nicolaivanderlaan
683,tomoya-fukui-51292113b
684,nelleke-scheijen-a329b3107
685,vijay-bhagwandas-37726316
686,josko-de-boer-57a37682
687,eceegemen
688,sizhe-zhang-0ba79450
689,johann-de-jong-a0b01624
690,nilay-aishwarya-7503b0144
691,mjellema
692,luca-nannini
693,agustininiguez
694,ying-yu-30a10413b
695,marthe-veldhuis-49907a11b
696,girish-kumaar-srinivasan-ravi-kumar-922421109
697,azqanadeem
698,federikovi
699,jonathan-van-der-planken
700,lennartbootsman
701,yanbohuang
702,tudor-george-popica
703,nguyen-hai-anh
704,tresink
705,andrea-tondella
706,mert-tukus-09196b16a
707,dionisioskorovilas
708,rico-herzog
709,calinsimon
710,ACoAAABMc7sBVEEHL1iaDy-rUcXNHpyKJ4a7ius
711,anish-mukherjee-delft
712,rein-fris-3355b1a0
713,sertacoruc
714,andre-van-der-westhuysen
715,onnokampman
716,mehedianamsarder
717,thijsverhoef
718,tammy-tan-4b39ba27
719,tiamurkhan
720,thomas-boer-098a05b1
721,ikvibhav
722,georgepapz
723,thomasmarkhorst
724,juan-camilo-laguado-04a0058b
725,animesh-sahoo-2758a215a
726,sarissa-aurori
727,pradyotpatil
728,jun-nie-32540397
729,minghaoyang
730,oct%C3%A1vio-teixeira
731,gregafent
732,zhiyuan-li-a19b0863
733,alin-dondera-9568b9194
734,ACoAAAptImgB9qgNEBSO_WA8OhIh-iyDuZLiX3Y
735,tarbiyakhan
736,fhcypma
737,srinathjayaraman
738,kuan-ling-tseng
739,michael-scott-pe%C3%B1a-bolland-84997799
740,thanasis-dritsas
741,pdzierzynski
742,clyeh
743,ayse-humeyra-arslan
744,jim-winkens-906307137
745,nikosoikou
746,timzaman
747,rezapermadi
748,elif-saracoglu
749,tiagoramalhofreire
750,jasper-lodder
751,anujdev
752,xiaoxugao
753,sharath-kumar-b3871271
754,bob-de-vries
755,jjscholten
756,lihungchieh
757,miguel-mendes-dias
758,yuanenzoliu
759,rohit-gupta-phd-hpc
760,nikhil-saldanha
761,anandkanav
762,khaled-tokhi-67145364
763,caroline-duterloo-37395a10
764,johanvanderboog
765,shashankprao
766,rucha-bapat
767,frank-hafner
768,nsarrazin
769,shabnam-najafian
770,lokkeshtk
771,bianca-iancu-87642683
772,titus-ex-85691711a
773,krishnaprasadnr
774,chinmaypathak14
775,dawudhage
776,theodoreomtzigt
777,lpedejong
778,kjartan-gudmundsson
779,stephan-mol-98233485
780,simon-kruse-467433122
781,christinakatsimerou
782,aleksei-simonov-4703a4216
783,irmak-celebi
784,abhikkumarkejriwal
785,escherders
786,durgalal
787,yawar-r
788,georgios-kaketsis-b6a4431b2
789,erik-tjong-kim-sang-5a36205
790,narayanappa-karthik
791,michielbakker1
792,joep-paulusse
793,sumit-k-2293b036
794,sventuri
795,piyush-deshmukh-7a8314198
796,renshi-luo-32b97490
797,meriem-bourada
798,randalkoene
799,livia-cirnu
800,marco-forgione-41a46824
801,bereczdaniel
802,oscar-heerkens-thijssen-a568aa108
803,ridvankaragoz
804,gerardmmdebruijn
805,basbuller
806,ben-wilson-eng
807,amritpal-singh-gill-2601485a
808,rameshkonatala
809,rhyswe
810,karelsirks
811,h-ammiwala
812,anuj-saxena-9a64a899
813,klaasmeinke
814,changjiakuan
815,dilangecmen
816,ACoAAARRQOcBA9qVD3nUyUSSdOdkIgOm6XpkORU
817,tittuvmathew
818,ivan-david-garcia-triana-74791b3
819,francesca-andretta-4175b3173
820,xinchao
