,url,id
0,https://www.linkedin.com/in/tomas-heldeweg-84aa0716a,tomas-heldeweg-84aa0716a
1,https://www.linkedin.com/in/jari-meevis,jari-meevis
2,https://www.linkedin.com/in/pawelmisiek,pawelmisiek
3,https://www.linkedin.com/in/lowie-hartjes,lowie-hartjes
4,https://www.linkedin.com/in/walter-genchi-14207a5a,walter-genchi-14207a5a
5,https://www.linkedin.com/in/sybren-r%C3%B6mer-2298a261,sybren-r%C3%B6mer-2298a261
6,https://www.linkedin.com/in/jadaamen,jadaamen
7,https://www.linkedin.com/in/mickvanottele,mickvanottele
8,https://www.linkedin.com/in/nancyirisarrimendez,nancyirisarrimendez
9,https://www.linkedin.com/in/anjalinair012,anjalinair012
10,https://www.linkedin.com/in/gaetanaruggiero,gaetanaruggiero
11,https://www.linkedin.com/in/lujun-xu-a48919b1,lujun-xu-a48919b1
12,https://www.linkedin.com/in/manos-gionanidis-292bb2200,manos-gionanidis-292bb2200
13,https://www.linkedin.com/in/thom-van-lieshout-02045a154,thom-van-lieshout-02045a154
14,https://www.linkedin.com/in/johanlems,johanlems
15,https://www.linkedin.com/in/jialin-hu-98224490,jialin-hu-98224490
16,https://www.linkedin.com/in/koen-segers-1aa8825a,koen-segers-1aa8825a
17,https://www.linkedin.com/in/wouter-mostard-43708328,wouter-mostard-43708328
18,https://www.linkedin.com/in/jorgemariosalazarrios,jorgemariosalazarrios
19,https://www.linkedin.com/in/egbertw,egbertw
20,https://www.linkedin.com/in/htenklooster,htenklooster
21,https://www.linkedin.com/in/ACoAAAXYWbIB4NXrCz3Wff27qSvWTGGajyqWPQg,ACoAAAXYWbIB4NXrCz3Wff27qSvWTGGajyqWPQg
22,https://www.linkedin.com/in/sudhakaran-jain,sudhakaran-jain
23,https://www.linkedin.com/in/emil-denev-594079151,emil-denev-594079151
24,https://www.linkedin.com/in/ACoAACakLjgBnbeyQsjr_8hzzOyjFrKb0-Lio1k,ACoAACakLjgBnbeyQsjr_8hzzOyjFrKb0-Lio1k
25,https://www.linkedin.com/in/sylwia-sikkens-a9b693b,sylwia-sikkens-a9b693b
26,https://www.linkedin.com/in/martin-dijkhuizen,martin-dijkhuizen
27,https://www.linkedin.com/in/micheleferretti,micheleferretti
28,https://www.linkedin.com/in/tjkreutz,tjkreutz
29,https://www.linkedin.com/in/anthi-korre-a91331206,anthi-korre-a91331206
30,https://www.linkedin.com/in/nicolas-will-5828b81b4,nicolas-will-5828b81b4
31,https://www.linkedin.com/in/astoneshi,astoneshi
32,https://www.linkedin.com/in/juanluislopez24,juanluislopez24
33,https://www.linkedin.com/in/jeroenoverschie,jeroenoverschie
34,https://www.linkedin.com/in/grahlmann,grahlmann
35,https://www.linkedin.com/in/traycho-milev,traycho-milev
36,https://www.linkedin.com/in/maximilian-seidler-14820b1a8,maximilian-seidler-14820b1a8
37,https://www.linkedin.com/in/ivan-yovchev,ivan-yovchev
38,https://www.linkedin.com/in/neslihansener,neslihansener
39,https://www.linkedin.com/in/geerdink,geerdink
40,https://www.linkedin.com/in/jan-smit,jan-smit
41,https://www.linkedin.com/in/brendaloznik,brendaloznik
42,https://www.linkedin.com/in/pausebreakdelete,pausebreakdelete
43,https://www.linkedin.com/in/callum-blair,callum-blair
44,https://www.linkedin.com/in/katharina-wegner,katharina-wegner
45,https://www.linkedin.com/in/k-amit-upadhyay,k-amit-upadhyay
46,https://www.linkedin.com/in/tanjakrone,tanjakrone
47,https://www.linkedin.com/in/masja-bronts-b53b187a,masja-bronts-b53b187a
48,https://www.linkedin.com/in/adrianseguralorente,adrianseguralorente
49,https://www.linkedin.com/in/joyce-thomas010,joyce-thomas010
50,https://www.linkedin.com/in/chara-tsoukala,chara-tsoukala
51,https://www.linkedin.com/in/melvinzehl,melvinzehl
52,https://www.linkedin.com/in/ruud-goorden-43b3a92,ruud-goorden-43b3a92
53,https://www.linkedin.com/in/robbertbrouwers,robbertbrouwers
54,https://www.linkedin.com/in/joppe-kiers-3599b95a,joppe-kiers-3599b95a
55,https://www.linkedin.com/in/rufi-shaikh-3086b1b0,rufi-shaikh-3086b1b0
56,https://www.linkedin.com/in/nomomon,nomomon
57,https://www.linkedin.com/in/ACoAAAjVDGwBKcQp7gnNsuDqkkfyA9wU8z46l4Q,ACoAAAjVDGwBKcQp7gnNsuDqkkfyA9wU8z46l4Q
58,https://www.linkedin.com/in/ahmed-metwaly-5876749a,ahmed-metwaly-5876749a
59,https://www.linkedin.com/in/margaridantunes,margaridantunes
60,https://www.linkedin.com/in/johnpaul-nwanerih,johnpaul-nwanerih
61,https://www.linkedin.com/in/ACoAAADupTgBZ924Qh3VSV0fMcv6a3v4EYSK0RE,ACoAAADupTgBZ924Qh3VSV0fMcv6a3v4EYSK0RE
62,https://www.linkedin.com/in/zhaochen-li,zhaochen-li
63,https://www.linkedin.com/in/harmjantimmer,harmjantimmer
64,https://www.linkedin.com/in/rubentewierik,rubentewierik
65,https://www.linkedin.com/in/ACoAABrYnkoBEFD8GojiYuBD-xEujguWi_fVhn4,ACoAABrYnkoBEFD8GojiYuBD-xEujguWi_fVhn4
66,https://www.linkedin.com/in/kim-de-groot-4013b3a3,kim-de-groot-4013b3a3
67,https://www.linkedin.com/in/alperozoner,alperozoner
68,https://www.linkedin.com/in/l%C3%A9onieheydenrijk,l%C3%A9onieheydenrijk
69,https://www.linkedin.com/in/arie-goud-423561142,arie-goud-423561142
70,https://www.linkedin.com/in/yatingle,yatingle
71,https://www.linkedin.com/in/marthahakvoort,marthahakvoort
72,https://www.linkedin.com/in/victorbernal5,victorbernal5
73,https://www.linkedin.com/in/alleveenstra,alleveenstra
74,https://www.linkedin.com/in/soominkim77,soominkim77
75,https://www.linkedin.com/in/rub%C3%A9n-asensio-torres-phd-482352169,rub%C3%A9n-asensio-torres-phd-482352169
76,https://www.linkedin.com/in/timottens,timottens
77,https://www.linkedin.com/in/nathalie-stierman,nathalie-stierman
78,https://www.linkedin.com/in/walewein-noordam-798528b6,walewein-noordam-798528b6
79,https://www.linkedin.com/in/bryanatokakiki,bryanatokakiki
80,https://www.linkedin.com/in/anne-wanningen-bb686a96,anne-wanningen-bb686a96
81,https://www.linkedin.com/in/artemzapara,artemzapara
82,https://www.linkedin.com/in/alvarojimpal,alvarojimpal
83,https://www.linkedin.com/in/alexander-fottner-5917a1186,alexander-fottner-5917a1186
84,https://www.linkedin.com/in/davidsuareznieto,davidsuareznieto
85,https://www.linkedin.com/in/saikatchat,saikatchat
86,https://www.linkedin.com/in/jakob-schmitt,jakob-schmitt
87,https://www.linkedin.com/in/sil-piek,sil-piek
88,https://www.linkedin.com/in/daanvandenoever,daanvandenoever
89,https://www.linkedin.com/in/penelope-apostolatou,penelope-apostolatou
90,https://www.linkedin.com/in/yilong-wen-10403984,yilong-wen-10403984
91,https://www.linkedin.com/in/lieke-kools-730a3371,lieke-kools-730a3371
92,https://www.linkedin.com/in/pietervdmijle,pietervdmijle
93,https://www.linkedin.com/in/anton-laukemper-a0b98a151,anton-laukemper-a0b98a151
94,https://www.linkedin.com/in/yaulin,yaulin
95,https://www.linkedin.com/in/umutmertdemirci,umutmertdemirci
96,https://www.linkedin.com/in/isabela-constantin,isabela-constantin
97,https://www.linkedin.com/in/martijn-schendstok,martijn-schendstok
98,https://www.linkedin.com/in/shenghanyu,shenghanyu
99,https://www.linkedin.com/in/emilio-oldenziel-42b49857,emilio-oldenziel-42b49857
100,https://www.linkedin.com/in/rezamohammadi1,rezamohammadi1
101,https://www.linkedin.com/in/thomas-meijer-b63a4b39,thomas-meijer-b63a4b39
102,https://www.linkedin.com/in/christopherpironti,christopherpironti
103,https://www.linkedin.com/in/wieke-boonstra,wieke-boonstra
104,https://www.linkedin.com/in/carl-lange-8053081b8,carl-lange-8053081b8
105,https://www.linkedin.com/in/elton-antonis,elton-antonis
106,https://www.linkedin.com/in/ACoAAAZT3SMBc97mATLZK3V19ZKGaf7menA3ucE,ACoAAAZT3SMBc97mATLZK3V19ZKGaf7menA3ucE
107,https://www.linkedin.com/in/bartvanes1,bartvanes1
108,https://www.linkedin.com/in/nathan-bosch,nathan-bosch
109,https://www.linkedin.com/in/mathildevanek,mathildevanek
110,https://www.linkedin.com/in/rogiernoordman,rogiernoordman
111,https://www.linkedin.com/in/paulluuk,paulluuk
112,https://www.linkedin.com/in/arrie-van-der-bij-b43022156,arrie-van-der-bij-b43022156
113,https://www.linkedin.com/in/harm-jan-setz-8972b995,harm-jan-setz-8972b995
114,https://www.linkedin.com/in/pieter-herings-04860b129,pieter-herings-04860b129
115,https://www.linkedin.com/in/robmoratore,robmoratore
116,https://www.linkedin.com/in/markottema,markottema
117,https://www.linkedin.com/in/wissesmit,wissesmit
118,https://www.linkedin.com/in/michiel-timmerman-a7a359ba,michiel-timmerman-a7a359ba
119,https://www.linkedin.com/in/alexanderoudeelferink,alexanderoudeelferink
120,https://www.linkedin.com/in/ceciliaguijarroruiz,ceciliaguijarroruiz
121,https://www.linkedin.com/in/roel-rotteveel-155226143,roel-rotteveel-155226143
122,https://www.linkedin.com/in/niels-m%C3%B8ller-hansen-225ba020,niels-m%C3%B8ller-hansen-225ba020
123,https://www.linkedin.com/in/christiaan-douma-1018b9119,christiaan-douma-1018b9119
124,https://www.linkedin.com/in/dennisreitsma,dennisreitsma
125,https://www.linkedin.com/in/mauritsvzb,mauritsvzb
126,https://www.linkedin.com/in/rixmit,rixmit
127,https://www.linkedin.com/in/beata-skuczynska,beata-skuczynska
128,https://www.linkedin.com/in/robin-hermes,robin-hermes
129,https://www.linkedin.com/in/francesco-bovo,francesco-bovo
130,https://www.linkedin.com/in/vojtech-kurfurst,vojtech-kurfurst
131,https://www.linkedin.com/in/strockmeijer,strockmeijer
132,https://www.linkedin.com/in/ACoAAAB0fqIBeNC3wzJF9v_qvyHkEjEvevQVuQw,ACoAAAB0fqIBeNC3wzJF9v_qvyHkEjEvevQVuQw
133,https://www.linkedin.com/in/menno-liefstingh,menno-liefstingh
134,https://www.linkedin.com/in/maaike-verhoek-6a6055129,maaike-verhoek-6a6055129
135,https://www.linkedin.com/in/marleen-perdok-8a2081169,marleen-perdok-8a2081169
136,https://www.linkedin.com/in/lena-lai-cfa-bb613632,lena-lai-cfa-bb613632
137,https://www.linkedin.com/in/klaas-van-der-veen-54b19653,klaas-van-der-veen-54b19653
138,https://www.linkedin.com/in/ewelinakurtys,ewelinakurtys
139,https://www.linkedin.com/in/anu-jain-57694319b,anu-jain-57694319b
140,https://www.linkedin.com/in/kiarashannenevers,kiarashannenevers
141,https://www.linkedin.com/in/mathijs-pieters,mathijs-pieters
142,https://www.linkedin.com/in/liuxinglan,liuxinglan
143,https://www.linkedin.com/in/gnsintnicolaas,gnsintnicolaas
144,https://www.linkedin.com/in/aourora-ntoumi,aourora-ntoumi
145,https://www.linkedin.com/in/sima-chalavi,sima-chalavi
146,https://www.linkedin.com/in/wim-verboom,wim-verboom
147,https://www.linkedin.com/in/jindamei,jindamei
148,https://www.linkedin.com/in/alejo-paullier-98089a1a9,alejo-paullier-98089a1a9
149,https://www.linkedin.com/in/michalwlasenko,michalwlasenko
150,https://www.linkedin.com/in/aoife-fahy-6914a119a,aoife-fahy-6914a119a
151,https://www.linkedin.com/in/parthpankajtiwary,parthpankajtiwary
152,https://www.linkedin.com/in/buist,buist
153,https://www.linkedin.com/in/linda-grondsma,linda-grondsma
154,https://www.linkedin.com/in/maren-ried-14b032105,maren-ried-14b032105
155,https://www.linkedin.com/in/aleric,aleric
156,https://www.linkedin.com/in/mouhamed-fay%C3%A8re-faye-a13289153,mouhamed-fay%C3%A8re-faye-a13289153
157,https://www.linkedin.com/in/michiel-van-de-steeg-6abb8832,michiel-van-de-steeg-6abb8832
158,https://www.linkedin.com/in/mahdi-shafiee,mahdi-shafiee
159,https://www.linkedin.com/in/marina-vicini,marina-vicini
160,https://www.linkedin.com/in/tmvanlieshout,tmvanlieshout
161,https://www.linkedin.com/in/pim-blom,pim-blom
162,https://www.linkedin.com/in/dannybouwers,dannybouwers
163,https://www.linkedin.com/in/arnodewolf,arnodewolf
164,https://www.linkedin.com/in/michiel-van-der-ree-8669482a,michiel-van-der-ree-8669482a
165,https://www.linkedin.com/in/jelmer-reijerink,jelmer-reijerink
166,https://www.linkedin.com/in/daniela-crisan,daniela-crisan
167,https://www.linkedin.com/in/jmperafan,jmperafan
168,https://www.linkedin.com/in/ricardocaeiro,ricardocaeiro
169,https://www.linkedin.com/in/dariuslamochi,dariuslamochi
170,https://www.linkedin.com/in/halyna-muliava,halyna-muliava
171,https://www.linkedin.com/in/jochem-kleine,jochem-kleine
172,https://www.linkedin.com/in/christijs,christijs
173,https://www.linkedin.com/in/beatriz-branco-sim%C3%B5es-982a8617a,beatriz-branco-sim%C3%B5es-982a8617a
174,https://www.linkedin.com/in/kees-bekker,kees-bekker
175,https://www.linkedin.com/in/philippevanamerongen,philippevanamerongen
176,https://www.linkedin.com/in/carlos-rodolfo-huerta-santiago-2b5609100,carlos-rodolfo-huerta-santiago-2b5609100
177,https://www.linkedin.com/in/stefanmasnikovic,stefanmasnikovic
178,https://www.linkedin.com/in/manongrevinga,manongrevinga
179,https://www.linkedin.com/in/bramzijlstra,bramzijlstra
180,https://www.linkedin.com/in/lennart-kloppenburg,lennart-kloppenburg
181,https://www.linkedin.com/in/maarten-bakkerode,maarten-bakkerode
182,https://www.linkedin.com/in/kylevdlangemheen,kylevdlangemheen
183,https://www.linkedin.com/in/thomas-bakker-204b934a,thomas-bakker-204b934a
184,https://www.linkedin.com/in/willemhendriks,willemhendriks
185,https://www.linkedin.com/in/jan-henner-roberg,jan-henner-roberg
186,https://www.linkedin.com/in/iadelekan,iadelekan
187,https://www.linkedin.com/in/jochem-loedeman-811322124,jochem-loedeman-811322124
188,https://www.linkedin.com/in/steven-bosch-76607b134,steven-bosch-76607b134
189,https://www.linkedin.com/in/jesse-heerink-17b24a158,jesse-heerink-17b24a158
190,https://www.linkedin.com/in/pieter-ytsma-a6492926,pieter-ytsma-a6492926
191,https://www.linkedin.com/in/elenalopezvallejo,elenalopezvallejo
192,https://www.linkedin.com/in/mauk-baartman-04a493151,mauk-baartman-04a493151
193,https://www.linkedin.com/in/bichngocdo,bichngocdo
194,https://www.linkedin.com/in/lottewijnants,lottewijnants
195,https://www.linkedin.com/in/bakkerdaan,bakkerdaan
196,https://www.linkedin.com/in/swastiknayak23,swastiknayak23
197,https://www.linkedin.com/in/cassandra-ann-fernandes,cassandra-ann-fernandes
198,https://www.linkedin.com/in/navamorales,navamorales
199,https://www.linkedin.com/in/ayla-kangur,ayla-kangur
200,https://www.linkedin.com/in/jelmer-van-slooten,jelmer-van-slooten
201,https://www.linkedin.com/in/shaluols,shaluols
202,https://www.linkedin.com/in/yoonsik-yu-442696138,yoonsik-yu-442696138
203,https://www.linkedin.com/in/ekuhnle,ekuhnle
204,https://www.linkedin.com/in/jasper-wevers-b3349a48,jasper-wevers-b3349a48
205,https://www.linkedin.com/in/hristo-stanulov,hristo-stanulov
206,https://www.linkedin.com/in/leila-joulaeizadeh-phd-655507121,leila-joulaeizadeh-phd-655507121
207,https://www.linkedin.com/in/antonstenaxel,antonstenaxel
208,https://www.linkedin.com/in/msneda,msneda
209,https://www.linkedin.com/in/onlinetesting,onlinetesting
210,https://www.linkedin.com/in/bartmichielsdxb,bartmichielsdxb
211,https://www.linkedin.com/in/jasper-bultman-112574190,jasper-bultman-112574190
212,https://www.linkedin.com/in/zhesun1984,zhesun1984
213,https://www.linkedin.com/in/jakolien-den-hollander,jakolien-den-hollander
214,https://www.linkedin.com/in/omar-ghaleb-9729331b3,omar-ghaleb-9729331b3
215,https://www.linkedin.com/in/tapan-k-bhowmik-phd-7a762a102,tapan-k-bhowmik-phd-7a762a102
216,https://www.linkedin.com/in/daan-sijbring-151021146,daan-sijbring-151021146
217,https://www.linkedin.com/in/gizemaydin96,gizemaydin96
218,https://www.linkedin.com/in/ilse-verweij-3455109,ilse-verweij-3455109
219,https://www.linkedin.com/in/luuk-buijsman,luuk-buijsman
220,https://www.linkedin.com/in/dion-akkerman-b33a6110b,dion-akkerman-b33a6110b
221,https://www.linkedin.com/in/mskurovskii,mskurovskii
222,https://www.linkedin.com/in/alex-de-vries-nl,alex-de-vries-nl
223,https://www.linkedin.com/in/albert-blom-4862159a,albert-blom-4862159a
224,https://www.linkedin.com/in/younes-moustaghfir-6079bbb1,younes-moustaghfir-6079bbb1
225,https://www.linkedin.com/in/mathijslomme,mathijslomme
226,https://www.linkedin.com/in/chin-kai-huang,chin-kai-huang
227,https://www.linkedin.com/in/ACoAAAdzw1sBYRKzH0-sPckEPUNX7uJ88JjPpQ4,ACoAAAdzw1sBYRKzH0-sPckEPUNX7uJ88JjPpQ4
228,https://www.linkedin.com/in/johannacardonahernandez,johannacardonahernandez
229,https://www.linkedin.com/in/vcaldas,vcaldas
230,https://www.linkedin.com/in/leo-meireles-murtha,leo-meireles-murtha
231,https://www.linkedin.com/in/ani-grigoryanpsy,ani-grigoryanpsy
232,https://www.linkedin.com/in/jarvin-mutatiina,jarvin-mutatiina
233,https://www.linkedin.com/in/bartbeemsterboer85,bartbeemsterboer85
234,https://www.linkedin.com/in/mohammad-mohammadi-med,mohammad-mohammadi-med
235,https://www.linkedin.com/in/bo-blankers,bo-blankers
236,https://www.linkedin.com/in/diederikperdok,diederikperdok
237,https://www.linkedin.com/in/jm-44x,jm-44x
238,https://www.linkedin.com/in/floris-de-jager-17b84110,floris-de-jager-17b84110
239,https://www.linkedin.com/in/sjoerddehaan,sjoerddehaan
240,https://www.linkedin.com/in/rutger-berghuis-85385a18b,rutger-berghuis-85385a18b
241,https://www.linkedin.com/in/mahirhiro,mahirhiro
242,https://www.linkedin.com/in/ankita-dewan,ankita-dewan
243,https://www.linkedin.com/in/mark-helmus,mark-helmus
244,https://www.linkedin.com/in/atanas-janeshliev-621a94159,atanas-janeshliev-621a94159
245,https://www.linkedin.com/in/shady-el-gewily-4b646556,shady-el-gewily-4b646556
246,https://www.linkedin.com/in/jonathan-azose-1304391a,jonathan-azose-1304391a
247,https://www.linkedin.com/in/rens-sturm,rens-sturm
248,https://www.linkedin.com/in/filipamiralopes,filipamiralopes
249,https://www.linkedin.com/in/fabien-francis,fabien-francis
250,https://www.linkedin.com/in/filippobagarello,filippobagarello
251,https://www.linkedin.com/in/pedro-almeida-111p,pedro-almeida-111p
252,https://www.linkedin.com/in/bharath-raj-m,bharath-raj-m
253,https://www.linkedin.com/in/joris-van-raaij-b9612510b,joris-van-raaij-b9612510b
254,https://www.linkedin.com/in/madhur-boran,madhur-boran
255,https://www.linkedin.com/in/wen-yang-a61595a2,wen-yang-a61595a2
256,https://www.linkedin.com/in/mike-beld-683734134,mike-beld-683734134
257,https://www.linkedin.com/in/harmrobben,harmrobben
258,https://www.linkedin.com/in/antonsugonyako,antonsugonyako
259,https://www.linkedin.com/in/barisgecer,barisgecer
260,https://www.linkedin.com/in/jipmaijers,jipmaijers
261,https://www.linkedin.com/in/boukje-niemann,boukje-niemann
262,https://www.linkedin.com/in/marloeskuijper,marloeskuijper
263,https://www.linkedin.com/in/francescocontin,francescocontin
264,https://www.linkedin.com/in/erikvberkel,erikvberkel
265,https://www.linkedin.com/in/wolterpeterson,wolterpeterson
266,https://www.linkedin.com/in/andrasjohancsik,andrasjohancsik
267,https://www.linkedin.com/in/henrigroenevelt,henrigroenevelt
268,https://www.linkedin.com/in/maartenlmajoor,maartenlmajoor
269,https://www.linkedin.com/in/renata-gotler,renata-gotler
270,https://www.linkedin.com/in/jonas-miosga,jonas-miosga
271,https://www.linkedin.com/in/yunling-g-9a6818220,yunling-g-9a6818220
272,https://www.linkedin.com/in/allard-pothaar-b5970997,allard-pothaar-b5970997
273,https://www.linkedin.com/in/ruslan-brilenkov,ruslan-brilenkov
274,https://www.linkedin.com/in/christian-hulleman-bb130932,christian-hulleman-bb130932
275,https://www.linkedin.com/in/andreas-piehler-9909287b,andreas-piehler-9909287b
276,https://www.linkedin.com/in/federica-trozzi-762167b4,federica-trozzi-762167b4
277,https://www.linkedin.com/in/warnerdejong,warnerdejong
278,https://www.linkedin.com/in/wouterbloupot,wouterbloupot
279,https://www.linkedin.com/in/a-hernandez-segura,a-hernandez-segura
280,https://www.linkedin.com/in/jakkodejong,jakkodejong
281,https://www.linkedin.com/in/mlobo97,mlobo97
282,https://www.linkedin.com/in/subilal,subilal
283,https://www.linkedin.com/in/john-riksten-961a2186,john-riksten-961a2186
284,https://www.linkedin.com/in/francisca-segers-44131212,francisca-segers-44131212
285,https://www.linkedin.com/in/floris-van-beers-198095181,floris-van-beers-198095181
286,https://www.linkedin.com/in/binbin-wu,binbin-wu
287,https://www.linkedin.com/in/tom-smeitink-219442a7,tom-smeitink-219442a7
288,https://www.linkedin.com/in/chenhuixu,chenhuixu
289,https://www.linkedin.com/in/a3sha2,a3sha2
290,https://www.linkedin.com/in/zhuoyun-k-31887116b,zhuoyun-k-31887116b
291,https://www.linkedin.com/in/csanchezgras,csanchezgras
292,https://www.linkedin.com/in/winston-bartle-7a97971bb,winston-bartle-7a97971bb
293,https://www.linkedin.com/in/chris-pool-11872914,chris-pool-11872914
294,https://www.linkedin.com/in/%C3%A1lvaro-chamizo-chico-135101196,%C3%A1lvaro-chamizo-chico-135101196
295,https://www.linkedin.com/in/ludger-visser,ludger-visser
296,https://www.linkedin.com/in/verapattiasina,verapattiasina
297,https://www.linkedin.com/in/mahirfaikkaraaba,mahirfaikkaraaba
298,https://www.linkedin.com/in/sanne-eggengoor,sanne-eggengoor
299,https://www.linkedin.com/in/so-hyung-kim,so-hyung-kim
300,https://www.linkedin.com/in/mwirthlin,mwirthlin
301,https://www.linkedin.com/in/philip-mitchell-1a306a99,philip-mitchell-1a306a99
302,https://www.linkedin.com/in/tom-jongsma-560618127,tom-jongsma-560618127
303,https://www.linkedin.com/in/mark-redeman-39427673,mark-redeman-39427673
304,https://www.linkedin.com/in/bas-roelenga-15920717,bas-roelenga-15920717
305,https://www.linkedin.com/in/samgalanakis,samgalanakis
306,https://www.linkedin.com/in/clement-baccar-a23b6768,clement-baccar-a23b6768
307,https://www.linkedin.com/in/katherine-ogurtsova-a0423222,katherine-ogurtsova-a0423222
308,https://www.linkedin.com/in/caitlin-de-boer-575060161,caitlin-de-boer-575060161
309,https://www.linkedin.com/in/shoaibsahel,shoaibsahel
310,https://www.linkedin.com/in/jandomanski,jandomanski
311,https://www.linkedin.com/in/c-o-torre,c-o-torre
312,https://www.linkedin.com/in/beatrice-grossi-aa20b4193,beatrice-grossi-aa20b4193
313,https://www.linkedin.com/in/paulfeitsma,paulfeitsma
314,https://www.linkedin.com/in/daniel-skala-643905b7,daniel-skala-643905b7
315,https://www.linkedin.com/in/jan-willem-de-wit-33157b147,jan-willem-de-wit-33157b147
316,https://www.linkedin.com/in/kenhbs,kenhbs
317,https://www.linkedin.com/in/sannemenning,sannemenning
318,https://www.linkedin.com/in/dirklutkeveldhuis,dirklutkeveldhuis
319,https://www.linkedin.com/in/caverac,caverac
320,https://www.linkedin.com/in/elinamarangotidoumarketingintelligence,elinamarangotidoumarketingintelligence
321,https://www.linkedin.com/in/marion-dam-aba76485,marion-dam-aba76485
322,https://www.linkedin.com/in/evafabriek,evafabriek
323,https://www.linkedin.com/in/xadema,xadema
324,https://www.linkedin.com/in/rob-koeling-4632525,rob-koeling-4632525
325,https://www.linkedin.com/in/alexandermoellers,alexandermoellers
326,https://www.linkedin.com/in/mukil-maruthamuthu-aa179316,mukil-maruthamuthu-aa179316
327,https://www.linkedin.com/in/anna-artemova0508,anna-artemova0508
328,https://www.linkedin.com/in/spyretta-leivaditi-a278258b,spyretta-leivaditi-a278258b
329,https://www.linkedin.com/in/byron-rusch-08ba881b5,byron-rusch-08ba881b5
330,https://www.linkedin.com/in/iris-bokkes-05822b57,iris-bokkes-05822b57
331,https://www.linkedin.com/in/katinka-gereb-phd-a24366138,katinka-gereb-phd-a24366138
332,https://www.linkedin.com/in/feikoritsema,feikoritsema
333,https://www.linkedin.com/in/hamzahnazir,hamzahnazir
334,https://www.linkedin.com/in/esthergroenert,esthergroenert
335,https://www.linkedin.com/in/maikel-grobbe,maikel-grobbe
336,https://www.linkedin.com/in/marcelvanbatenburg,marcelvanbatenburg
337,https://www.linkedin.com/in/miguel-pereira-29b500b5,miguel-pereira-29b500b5
338,https://www.linkedin.com/in/sampath-mukherjee-phd-2223a579,sampath-mukherjee-phd-2223a579
339,https://www.linkedin.com/in/sebastiaan-grasdijk-b19ba152,sebastiaan-grasdijk-b19ba152
340,https://www.linkedin.com/in/mendelvantriet,mendelvantriet
341,https://www.linkedin.com/in/joel-grondman-6b6883143,joel-grondman-6b6883143
342,https://www.linkedin.com/in/nastia-glushko,nastia-glushko
343,https://www.linkedin.com/in/evangelosdaravigkas,evangelosdaravigkas
344,https://www.linkedin.com/in/robin-koezen-4b61b3102,robin-koezen-4b61b3102
345,https://www.linkedin.com/in/ivan-gentile,ivan-gentile
346,https://www.linkedin.com/in/arthur-moreau-data-driven,arthur-moreau-data-driven
347,https://www.linkedin.com/in/mathkarvikramaditya,mathkarvikramaditya
348,https://www.linkedin.com/in/maurits-elias-636133,maurits-elias-636133
349,https://www.linkedin.com/in/daniel-salamon-542001165,daniel-salamon-542001165
350,https://www.linkedin.com/in/boukehendriks,boukehendriks
351,https://www.linkedin.com/in/sander-kelders-0ab46440,sander-kelders-0ab46440
352,https://www.linkedin.com/in/jelte-t-a-de-jong-10664816,jelte-t-a-de-jong-10664816
353,https://www.linkedin.com/in/panayiotiss-savva,panayiotiss-savva
354,https://www.linkedin.com/in/lautvdmaas,lautvdmaas
355,https://www.linkedin.com/in/lisannevanbrussel,lisannevanbrussel
356,https://www.linkedin.com/in/cesarevalitutto,cesarevalitutto
357,https://www.linkedin.com/in/basvlaming,basvlaming
358,https://www.linkedin.com/in/rolanddijkhuizen,rolanddijkhuizen
359,https://www.linkedin.com/in/jurrie-koolhof-6598453,jurrie-koolhof-6598453
360,https://www.linkedin.com/in/jingliu2019,jingliu2019
361,https://www.linkedin.com/in/flvdberg,flvdberg
362,https://www.linkedin.com/in/mathanja-verkaik,mathanja-verkaik
363,https://www.linkedin.com/in/amey-bhole,amey-bhole
364,https://www.linkedin.com/in/maartjepfauder,maartjepfauder
365,https://www.linkedin.com/in/sabrina-lin-97793310a,sabrina-lin-97793310a
366,https://www.linkedin.com/in/almas-hilman-muhtadi-271906a3,almas-hilman-muhtadi-271906a3
367,https://www.linkedin.com/in/jonasbraadbaart,jonasbraadbaart
368,https://www.linkedin.com/in/michiel-meijer-05295196,michiel-meijer-05295196
369,https://www.linkedin.com/in/mega-bagus-herlambang,mega-bagus-herlambang
370,https://www.linkedin.com/in/stef-struijk,stef-struijk
371,https://www.linkedin.com/in/aistekarkauskaite,aistekarkauskaite
372,https://www.linkedin.com/in/jing-zhao-b6b03815,jing-zhao-b6b03815
373,https://www.linkedin.com/in/ACoAAA-hAh8B2a4Koq9j9HCMiOmW-aF6Z_6p-WA,ACoAAA-hAh8B2a4Koq9j9HCMiOmW-aF6Z_6p-WA
374,https://www.linkedin.com/in/kaue,kaue
375,https://www.linkedin.com/in/jongs,jongs
376,https://www.linkedin.com/in/serdarozsezen,serdarozsezen
377,https://www.linkedin.com/in/ivar-mak,ivar-mak
378,https://www.linkedin.com/in/nicolas-gervais-qxh8,nicolas-gervais-qxh8
379,https://www.linkedin.com/in/dirkjelleschaap,dirkjelleschaap
380,https://www.linkedin.com/in/tino-cox-a8067a20,tino-cox-a8067a20
381,https://www.linkedin.com/in/mark-boer-10a2b9a3,mark-boer-10a2b9a3
382,https://www.linkedin.com/in/pholterman,pholterman
383,https://www.linkedin.com/in/giagkoulaspanagiotis,giagkoulaspanagiotis
384,https://www.linkedin.com/in/leonard-widjaja-54912320,leonard-widjaja-54912320
385,https://www.linkedin.com/in/serena-chiayu-wu,serena-chiayu-wu
386,https://www.linkedin.com/in/leopoldo-ochoa-19a091120,leopoldo-ochoa-19a091120
387,https://www.linkedin.com/in/marses,marses
388,https://www.linkedin.com/in/matei-penca,matei-penca
389,https://www.linkedin.com/in/siger-steenstra-348b18146,siger-steenstra-348b18146
390,https://www.linkedin.com/in/isidora-jankov,isidora-jankov
391,https://www.linkedin.com/in/marijn-bruggeman-ba637a173,marijn-bruggeman-ba637a173
392,https://www.linkedin.com/in/joost-doornbos-1b04601bb,joost-doornbos-1b04601bb
393,https://www.linkedin.com/in/leon-pater-86abbba5,leon-pater-86abbba5
394,https://www.linkedin.com/in/bmvpereira,bmvpereira
395,https://www.linkedin.com/in/tuomas-lundstrom,tuomas-lundstrom
396,https://www.linkedin.com/in/beibei-wu-b909427b,beibei-wu-b909427b
397,https://www.linkedin.com/in/brian-oosterwijk-0b3703144,brian-oosterwijk-0b3703144
398,https://www.linkedin.com/in/tgrgic,tgrgic
399,https://www.linkedin.com/in/jits-schilperoort,jits-schilperoort
400,https://www.linkedin.com/in/marianiessen,marianiessen
401,https://www.linkedin.com/in/tom-kosters-626950238,tom-kosters-626950238
402,https://www.linkedin.com/in/levischilder,levischilder
403,https://www.linkedin.com/in/niels-goet,niels-goet
404,https://www.linkedin.com/in/fleur-wijtman-17a54511a,fleur-wijtman-17a54511a
405,https://www.linkedin.com/in/rik-sulman-a7686916,rik-sulman-a7686916
406,https://www.linkedin.com/in/loek-van-dijk-17b990150,loek-van-dijk-17b990150
407,https://www.linkedin.com/in/sean-cafferty-nlp,sean-cafferty-nlp
408,https://www.linkedin.com/in/reuven-ayal-04707559,reuven-ayal-04707559
409,https://www.linkedin.com/in/ninojansen,ninojansen
410,https://www.linkedin.com/in/jorge-am,jorge-am
411,https://www.linkedin.com/in/frederiktijhuis,frederiktijhuis
412,https://www.linkedin.com/in/otis-vabolis,otis-vabolis
413,https://www.linkedin.com/in/edyta-sasin,edyta-sasin
414,https://www.linkedin.com/in/gerrit-luimstra,gerrit-luimstra
415,https://www.linkedin.com/in/tomer-gabay,tomer-gabay
416,https://www.linkedin.com/in/hildo-venhuizen-955a43138,hildo-venhuizen-955a43138
417,https://www.linkedin.com/in/m-volkert,m-volkert
418,https://www.linkedin.com/in/laurenshogeweg,laurenshogeweg
419,https://www.linkedin.com/in/tim-menkveld-23628b34,tim-menkveld-23628b34
420,https://www.linkedin.com/in/natasjaybema,natasjaybema
421,https://www.linkedin.com/in/rikkleine,rikkleine
422,https://www.linkedin.com/in/mehran-shakarami-433b2195,mehran-shakarami-433b2195
423,https://www.linkedin.com/in/dani%C3%ABlle-metz-7871319a,dani%C3%ABlle-metz-7871319a
424,https://www.linkedin.com/in/remo-sasso-b9837a1ba,remo-sasso-b9837a1ba
425,https://www.linkedin.com/in/ACoAAAFcXFoBld__st4nk8m4ahiWMvXzMFu9aZo,ACoAAAFcXFoBld__st4nk8m4ahiWMvXzMFu9aZo
426,https://www.linkedin.com/in/daniel-karavolos-phd-2706568,daniel-karavolos-phd-2706568
427,https://www.linkedin.com/in/femke-buijs-4061a427,femke-buijs-4061a427
428,https://www.linkedin.com/in/danielhaitink,danielhaitink
429,https://www.linkedin.com/in/oege-dijk,oege-dijk
430,https://www.linkedin.com/in/kazue-kudo-661b0557,kazue-kudo-661b0557
431,https://www.linkedin.com/in/ruthvandongen,ruthvandongen
432,https://www.linkedin.com/in/jos-van-de-wolfshaar,jos-van-de-wolfshaar
433,https://www.linkedin.com/in/tparisotto,tparisotto
434,https://www.linkedin.com/in/jorrit-hagen,jorrit-hagen
435,https://www.linkedin.com/in/carmen-klaussner-87707481,carmen-klaussner-87707481
436,https://www.linkedin.com/in/mohamed-gamil-,mohamed-gamil-
437,https://www.linkedin.com/in/santiagoecanomuniz,santiagoecanomuniz
438,https://www.linkedin.com/in/albert-jan-roskam-28785912,albert-jan-roskam-28785912
439,https://www.linkedin.com/in/meldra-vasarina,meldra-vasarina
440,https://www.linkedin.com/in/clement-arnarez,clement-arnarez
441,https://www.linkedin.com/in/marius-cautun,marius-cautun
442,https://www.linkedin.com/in/barath-gopal-75b014167,barath-gopal-75b014167
443,https://www.linkedin.com/in/joeydiekstra,joeydiekstra
444,https://www.linkedin.com/in/leonfaber,leonfaber
445,https://www.linkedin.com/in/esther-moes,esther-moes
446,https://www.linkedin.com/in/vishalsreenivasan,vishalsreenivasan
447,https://www.linkedin.com/in/jvdkroef,jvdkroef
448,https://www.linkedin.com/in/peter-lammers,peter-lammers
449,https://www.linkedin.com/in/emekugur,emekugur
450,https://www.linkedin.com/in/hanne,hanne
451,https://www.linkedin.com/in/boris-marinov96,boris-marinov96
452,https://www.linkedin.com/in/lottelogher,lottelogher
453,https://www.linkedin.com/in/subhaditya-mukherjee-a36883100,subhaditya-mukherjee-a36883100
454,https://www.linkedin.com/in/bouwevdwal,bouwevdwal
455,https://www.linkedin.com/in/nil-stolt-ans%C3%B3-6110aa136,nil-stolt-ans%C3%B3-6110aa136
456,https://www.linkedin.com/in/tvdaal,tvdaal
457,https://www.linkedin.com/in/sanderklappers,sanderklappers
458,https://www.linkedin.com/in/fokkodriesprong,fokkodriesprong
459,https://www.linkedin.com/in/justin-chijun-jin-53703616,justin-chijun-jin-53703616
460,https://www.linkedin.com/in/wesley-seubring-5b8505b2,wesley-seubring-5b8505b2
461,https://www.linkedin.com/in/mkburza,mkburza
462,https://www.linkedin.com/in/de3ds,de3ds
463,https://www.linkedin.com/in/mn-devries,mn-devries
464,https://www.linkedin.com/in/wesselbrinkhuis,wesselbrinkhuis
465,https://www.linkedin.com/in/anne-in-t-veld,anne-in-t-veld
466,https://www.linkedin.com/in/lisette-boeijenk,lisette-boeijenk
467,https://www.linkedin.com/in/laurens-jan-s-ab0aa31b,laurens-jan-s-ab0aa31b
468,https://www.linkedin.com/in/martin-renkema,martin-renkema
469,https://www.linkedin.com/in/anna-sitnik-9949b71a0,anna-sitnik-9949b71a0
470,https://www.linkedin.com/in/ketan-sahu,ketan-sahu
471,https://www.linkedin.com/in/oleksandr-ivanov-phd-99ba47b7,oleksandr-ivanov-phd-99ba47b7
472,https://www.linkedin.com/in/marten-hutten-742996104,marten-hutten-742996104
473,https://www.linkedin.com/in/tomkleinwassink,tomkleinwassink
474,https://www.linkedin.com/in/jildou-de-vries-55054047,jildou-de-vries-55054047
475,https://www.linkedin.com/in/galiya-yeshmagambetova,galiya-yeshmagambetova
476,https://www.linkedin.com/in/mack-f-5340a316,mack-f-5340a316
477,https://www.linkedin.com/in/rene-flohil,rene-flohil
478,https://www.linkedin.com/in/abolfazl-taghribi-b5321680,abolfazl-taghribi-b5321680
479,https://www.linkedin.com/in/guilherme-gon%C3%A7alves-da-silva-334a50b3,guilherme-gon%C3%A7alves-da-silva-334a50b3
480,https://www.linkedin.com/in/martinmajlis,martinmajlis
481,https://www.linkedin.com/in/mcardus,mcardus
482,https://www.linkedin.com/in/ACoAAA2ZDC4B7jI7vRfLhtFAw6-FwPubJYkNT5w,ACoAAA2ZDC4B7jI7vRfLhtFAw6-FwPubJYkNT5w
483,https://www.linkedin.com/in/alexander-kugele,alexander-kugele
484,https://www.linkedin.com/in/ACoAAA4w7zQBclbo3aktHhuOvsfh0ZlbPsZLs3U,ACoAAA4w7zQBclbo3aktHhuOvsfh0ZlbPsZLs3U
485,https://www.linkedin.com/in/jdanielconde,jdanielconde
486,https://www.linkedin.com/in/gijspeters,gijspeters
487,https://www.linkedin.com/in/egpbos,egpbos
488,https://www.linkedin.com/in/thijs-jahae-62025047,thijs-jahae-62025047
489,https://www.linkedin.com/in/geert-beks,geert-beks
490,https://www.linkedin.com/in/ignasvandeneinde,ignasvandeneinde
491,https://www.linkedin.com/in/hugogroenewold,hugogroenewold
492,https://www.linkedin.com/in/ibon-t-52a55512,ibon-t-52a55512
493,https://www.linkedin.com/in/bernatchiva7,bernatchiva7
494,https://www.linkedin.com/in/david-enthoven,david-enthoven
495,https://www.linkedin.com/in/stefanomessina,stefanomessina
496,https://www.linkedin.com/in/stef-lenting-835412112,stef-lenting-835412112
497,https://www.linkedin.com/in/annanina-koster-16b91aa5,annanina-koster-16b91aa5
498,https://www.linkedin.com/in/sebastian-wehkamp,sebastian-wehkamp
499,https://www.linkedin.com/in/juan-buhagiar-b419534a,juan-buhagiar-b419534a
500,https://www.linkedin.com/in/sylvia-wiener-689a68,sylvia-wiener-689a68
501,https://www.linkedin.com/in/junfeng-xue-b8928399,junfeng-xue-b8928399
502,https://www.linkedin.com/in/paulneculoiu,paulneculoiu
503,https://www.linkedin.com/in/andreapagani,andreapagani
504,https://www.linkedin.com/in/borach-j-811869149,borach-j-811869149
505,https://www.linkedin.com/in/yu-chun-peng,yu-chun-peng
506,https://www.linkedin.com/in/malysheva42,malysheva42
507,https://www.linkedin.com/in/junyu-ke,junyu-ke
508,https://www.linkedin.com/in/olha-muliava,olha-muliava
509,https://www.linkedin.com/in/kristynatomsu,kristynatomsu
510,https://www.linkedin.com/in/marios-lykiardopoulos-b0752017a,marios-lykiardopoulos-b0752017a
511,https://www.linkedin.com/in/leonardo-losno-velozo-199931165,leonardo-losno-velozo-199931165
512,https://www.linkedin.com/in/davyd-bashynskyy-b83818217,davyd-bashynskyy-b83818217
513,https://www.linkedin.com/in/sophie-hugenholtz,sophie-hugenholtz
514,https://www.linkedin.com/in/hichem-bouakaz,hichem-bouakaz
515,https://www.linkedin.com/in/fatjon-huseini-70938918a,fatjon-huseini-70938918a
516,https://www.linkedin.com/in/juan-jos%C3%A9-mendez-torrero-283152164,juan-jos%C3%A9-mendez-torrero-283152164
517,https://www.linkedin.com/in/leonardo-carvalho-b376001a1,leonardo-carvalho-b376001a1
518,https://www.linkedin.com/in/ACoAAA57LDcBfXzyb8Dwb-QEFgzPndDYlvxSUUY,ACoAAA57LDcBfXzyb8Dwb-QEFgzPndDYlvxSUUY
519,https://www.linkedin.com/in/zaki-pauzi-363a90128,zaki-pauzi-363a90128
520,https://www.linkedin.com/in/antonios-koutounidis-551b26192,antonios-koutounidis-551b26192
521,https://www.linkedin.com/in/oliverwilkins64,oliverwilkins64
522,https://www.linkedin.com/in/roberto-navarro-184404180,roberto-navarro-184404180
523,https://www.linkedin.com/in/marcelreuvekamp,marcelreuvekamp
524,https://www.linkedin.com/in/remonkruizinga,remonkruizinga
525,https://www.linkedin.com/in/marije-bakker-7bbb0334,marije-bakker-7bbb0334
526,https://www.linkedin.com/in/theo-nolden-742628112,theo-nolden-742628112
527,https://www.linkedin.com/in/simon-dalmolen-79501230,simon-dalmolen-79501230
528,https://www.linkedin.com/in/folkertvanderkolk,folkertvanderkolk
529,https://www.linkedin.com/in/gabornh,gabornh
530,https://www.linkedin.com/in/pieter-wiersma-3aa3424b,pieter-wiersma-3aa3424b
531,https://www.linkedin.com/in/si-nguyen-thu-mai,si-nguyen-thu-mai
532,https://www.linkedin.com/in/suri-chen,suri-chen
533,https://www.linkedin.com/in/wjwklabbers,wjwklabbers
534,https://www.linkedin.com/in/marc-achterbosch-934213178,marc-achterbosch-934213178
535,https://www.linkedin.com/in/jeroen-de-bruijn-09341997,jeroen-de-bruijn-09341997
536,https://www.linkedin.com/in/quin-k-a3b6867b,quin-k-a3b6867b
537,https://www.linkedin.com/in/nicolaas-hermans-0806934,nicolaas-hermans-0806934
538,https://www.linkedin.com/in/miriam-wagner-246ba9123,miriam-wagner-246ba9123
539,https://www.linkedin.com/in/nehabari,nehabari
540,https://www.linkedin.com/in/javier-alegria-zufia-222056107,javier-alegria-zufia-222056107
541,https://www.linkedin.com/in/romero-miguel,romero-miguel
542,https://www.linkedin.com/in/timdorscheidt,timdorscheidt
543,https://www.linkedin.com/in/mariuscaptari,mariuscaptari
544,https://www.linkedin.com/in/auke-derksen,auke-derksen
545,https://www.linkedin.com/in/timlammertink,timlammertink
546,https://www.linkedin.com/in/nils-rek,nils-rek
547,https://www.linkedin.com/in/rutger-verhaar-2a6568157,rutger-verhaar-2a6568157
548,https://www.linkedin.com/in/valentijn-skambraks,valentijn-skambraks
549,https://www.linkedin.com/in/fatemeh-jokar-655a7954,fatemeh-jokar-655a7954
550,https://www.linkedin.com/in/hpfvanheijst,hpfvanheijst
551,https://www.linkedin.com/in/jeffluppes,jeffluppes
552,https://www.linkedin.com/in/trinh-lethimy,trinh-lethimy
553,https://www.linkedin.com/in/thomas-van-dongen,thomas-van-dongen
554,https://www.linkedin.com/in/poojagowda7897,poojagowda7897
555,https://www.linkedin.com/in/eleni-laliashvili-30341a22b,eleni-laliashvili-30341a22b
556,https://www.linkedin.com/in/jlmaas,jlmaas
557,https://www.linkedin.com/in/marcelvisser2,marcelvisser2
558,https://www.linkedin.com/in/maarten-grachten,maarten-grachten
559,https://www.linkedin.com/in/ACoAABRqsDoB0lA6Jp3cp-2Y-7SoSrs7iTrpNBo,ACoAABRqsDoB0lA6Jp3cp-2Y-7SoSrs7iTrpNBo
560,https://www.linkedin.com/in/job-formsma-a23b9b1b4,job-formsma-a23b9b1b4
561,https://www.linkedin.com/in/paul-ozkohen,paul-ozkohen
562,https://www.linkedin.com/in/francesco-fanchin,francesco-fanchin
563,https://www.linkedin.com/in/lennart-faber,lennart-faber
564,https://www.linkedin.com/in/oscar-de-vries-421887198,oscar-de-vries-421887198
565,https://www.linkedin.com/in/stefan-zwart-a1778993,stefan-zwart-a1778993
566,https://www.linkedin.com/in/nouman10,nouman10
567,https://www.linkedin.com/in/panagiotis-tzafos,panagiotis-tzafos
568,https://www.linkedin.com/in/ben-beinke,ben-beinke
569,https://www.linkedin.com/in/ankit001mittal,ankit001mittal
570,https://www.linkedin.com/in/erikvanderwerff,erikvanderwerff
571,https://www.linkedin.com/in/eoin-b-533145172,eoin-b-533145172
572,https://www.linkedin.com/in/maikelwithagen,maikelwithagen
573,https://www.linkedin.com/in/albertjuresic,albertjuresic
574,https://www.linkedin.com/in/joas-straatsma,joas-straatsma
575,https://www.linkedin.com/in/kristian-svedal-6284936b,kristian-svedal-6284936b
576,https://www.linkedin.com/in/ardveneman,ardveneman
577,https://www.linkedin.com/in/wiebefij,wiebefij
578,https://www.linkedin.com/in/thomas-nijman-3bb54029,thomas-nijman-3bb54029
579,https://www.linkedin.com/in/carlosmontoliu,carlosmontoliu
580,https://www.linkedin.com/in/david-o-79725a60,david-o-79725a60
581,https://www.linkedin.com/in/yuhan-wang-hanna,yuhan-wang-hanna
582,https://www.linkedin.com/in/piotr-zakrzewski-b9325877,piotr-zakrzewski-b9325877
583,https://www.linkedin.com/in/marco-verkruissen-623410133,marco-verkruissen-623410133
584,https://www.linkedin.com/in/werner-van-der-veen,werner-van-der-veen
585,https://www.linkedin.com/in/ACoAAANvdUwBjiXiZJ9sq_lsIRS_mbBfxvbgq-4,ACoAAANvdUwBjiXiZJ9sq_lsIRS_mbBfxvbgq-4
586,https://www.linkedin.com/in/dmitrijsmilajevs,dmitrijsmilajevs
587,https://www.linkedin.com/in/sambulder,sambulder
588,https://www.linkedin.com/in/gregory-schweickert-433734254,gregory-schweickert-433734254
589,https://www.linkedin.com/in/mehdiamiri6,mehdiamiri6
590,https://www.linkedin.com/in/amelie-schuler-52122598,amelie-schuler-52122598
591,https://www.linkedin.com/in/ward-de-weijer-ab80021b3,ward-de-weijer-ab80021b3
592,https://www.linkedin.com/in/pablo-araya-melo-25771133,pablo-araya-melo-25771133
593,https://www.linkedin.com/in/alejandro-p%C3%A9rez-gancedo-53bb18153,alejandro-p%C3%A9rez-gancedo-53bb18153
594,https://www.linkedin.com/in/yuting-tini-zhou-775b5b117,yuting-tini-zhou-775b5b117
595,https://www.linkedin.com/in/mpoplawska,mpoplawska
596,https://www.linkedin.com/in/branimilo,branimilo
597,https://www.linkedin.com/in/chrisvanriemsdijk,chrisvanriemsdijk
598,https://www.linkedin.com/in/jan-meyer-9a8269127,jan-meyer-9a8269127
599,https://www.linkedin.com/in/qinyuanwong,qinyuanwong
600,https://www.linkedin.com/in/ronny-atoche-65797194,ronny-atoche-65797194
601,https://www.linkedin.com/in/ACoAABXvgFoBHQxXBsfwoRT3tW3Dlkigte8lW0c,ACoAABXvgFoBHQxXBsfwoRT3tW3Dlkigte8lW0c
602,https://www.linkedin.com/in/mariya-porodinska,mariya-porodinska
603,https://www.linkedin.com/in/stasinos,stasinos
604,https://www.linkedin.com/in/saraehsanimajd,saraehsanimajd
605,https://www.linkedin.com/in/ACoAAAXdtUABlaG_Urj1Ym9wAah6hrAvZY5h9dg,ACoAAAXdtUABlaG_Urj1Ym9wAah6hrAvZY5h9dg
606,https://www.linkedin.com/in/bkiyoshi,bkiyoshi
607,https://www.linkedin.com/in/doreen-posthuma-8b0a51100,doreen-posthuma-8b0a51100
608,https://www.linkedin.com/in/doulgeris-geo,doulgeris-geo
609,https://www.linkedin.com/in/yuying-ye,yuying-ye
610,https://www.linkedin.com/in/maximilian-eichel-017b41101,maximilian-eichel-017b41101
611,https://www.linkedin.com/in/abhishekspatil,abhishekspatil
612,https://www.linkedin.com/in/carynna-de-zilva,carynna-de-zilva
613,https://www.linkedin.com/in/paul-de-roos-2990b36,paul-de-roos-2990b36
614,https://www.linkedin.com/in/russellsb,russellsb
615,https://www.linkedin.com/in/danial-senejohnny,danial-senejohnny
616,https://www.linkedin.com/in/klausgarrido,klausgarrido
617,https://www.linkedin.com/in/ulaseraslan,ulaseraslan
618,https://www.linkedin.com/in/laurenskoelewijn,laurenskoelewijn
619,https://www.linkedin.com/in/tos-sambo-251a57147,tos-sambo-251a57147
620,https://www.linkedin.com/in/tom-van-t-hoff,tom-van-t-hoff
621,https://www.linkedin.com/in/rikkelogeman,rikkelogeman
622,https://www.linkedin.com/in/nealbouwman,nealbouwman
623,https://www.linkedin.com/in/melissa-okken-509907b8,melissa-okken-509907b8
624,https://www.linkedin.com/in/pep-mart%C3%AD-mascar%C3%B3-monserrat,pep-mart%C3%AD-mascar%C3%B3-monserrat
625,https://www.linkedin.com/in/xinyingfu,xinyingfu
626,https://www.linkedin.com/in/kalaniostermeijer,kalaniostermeijer
627,https://www.linkedin.com/in/floris-goes-smit-phd-08462825,floris-goes-smit-phd-08462825
628,https://www.linkedin.com/in/boele-camps,boele-camps
629,https://www.linkedin.com/in/lili-s-29a6a430,lili-s-29a6a430
630,https://www.linkedin.com/in/myrthelammerse,myrthelammerse
631,https://www.linkedin.com/in/jasper-krebbers-019800102,jasper-krebbers-019800102
632,https://www.linkedin.com/in/christoph-schauer,christoph-schauer
633,https://www.linkedin.com/in/anne-lous-rutten-13b27b10b,anne-lous-rutten-13b27b10b
634,https://www.linkedin.com/in/radu-gheorghe-798913166,radu-gheorghe-798913166
635,https://www.linkedin.com/in/ubyildirim,ubyildirim
636,https://www.linkedin.com/in/edasaral,edasaral
637,https://www.linkedin.com/in/jari-meevis,jari-meevis
638,https://www.linkedin.com/in/robel-kebede-gebre-12895312a,robel-kebede-gebre-12895312a
639,https://www.linkedin.com/in/sneha-lodha0605,sneha-lodha0605
640,https://www.linkedin.com/in/lowie-hartjes,lowie-hartjes
641,https://www.linkedin.com/in/jurrhddb,jurrhddb
642,https://www.linkedin.com/in/jadaamen,jadaamen
643,https://www.linkedin.com/in/vlad-iftime,vlad-iftime
644,https://www.linkedin.com/in/nourhan-jardali,nourhan-jardali
645,https://www.linkedin.com/in/anjalinair012,anjalinair012
646,https://www.linkedin.com/in/julius-van-dijk-a9292a38,julius-van-dijk-a9292a38
647,https://www.linkedin.com/in/manos-gionanidis-292bb2200,manos-gionanidis-292bb2200
648,https://www.linkedin.com/in/floor-ten-damme,floor-ten-damme
649,https://www.linkedin.com/in/jpschmitten,jpschmitten
650,https://www.linkedin.com/in/jialin-hu-98224490,jialin-hu-98224490
651,https://www.linkedin.com/in/chelubm,chelubm
652,https://www.linkedin.com/in/gon%C3%A7alo-carvalho-66909713b,gon%C3%A7alo-carvalho-66909713b
653,https://www.linkedin.com/in/ioana-cojocaru-152180155,ioana-cojocaru-152180155
654,https://www.linkedin.com/in/robin-schut-2449a8152,robin-schut-2449a8152
655,https://www.linkedin.com/in/koen-segers-1aa8825a,koen-segers-1aa8825a
656,https://www.linkedin.com/in/vasudhachandrashekar,vasudhachandrashekar
657,https://www.linkedin.com/in/egbertw,egbertw
658,https://www.linkedin.com/in/cesargarciadiaz,cesargarciadiaz
659,https://www.linkedin.com/in/diego-ortiz-garcia,diego-ortiz-garcia
660,https://www.linkedin.com/in/sudhakaran-jain,sudhakaran-jain
661,https://www.linkedin.com/in/folkert-leistra,folkert-leistra
662,https://www.linkedin.com/in/ACoAACakLjgBnbeyQsjr_8hzzOyjFrKb0-Lio1k,ACoAACakLjgBnbeyQsjr_8hzzOyjFrKb0-Lio1k
663,https://www.linkedin.com/in/martin-dijkhuizen,martin-dijkhuizen
664,https://www.linkedin.com/in/micheleferretti,micheleferretti
665,https://www.linkedin.com/in/michal-tesnar,michal-tesnar
666,https://www.linkedin.com/in/guido-tournois,guido-tournois
667,https://www.linkedin.com/in/juanluislopez24,juanluislopez24
668,https://www.linkedin.com/in/ACoAAABOK2sBWvDokrdwCTvBpKl4wfN-K_EyWRc,ACoAAABOK2sBWvDokrdwCTvBpKl4wfN-K_EyWRc
669,https://www.linkedin.com/in/sabina-tursunkhanova-5a79111b7,sabina-tursunkhanova-5a79111b7
670,https://www.linkedin.com/in/jeroenoverschie,jeroenoverschie
671,https://www.linkedin.com/in/traycho-milev,traycho-milev
672,https://www.linkedin.com/in/coen-jonker-ds,coen-jonker-ds
673,https://www.linkedin.com/in/maximilian-seidler-14820b1a8,maximilian-seidler-14820b1a8
674,https://www.linkedin.com/in/claudiazaghi,claudiazaghi
675,https://www.linkedin.com/in/sam-ansari,sam-ansari
676,https://www.linkedin.com/in/ruxandra-c-82585156,ruxandra-c-82585156
677,https://www.linkedin.com/in/geerdink,geerdink
678,https://www.linkedin.com/in/brendaloznik,brendaloznik
679,https://www.linkedin.com/in/pausebreakdelete,pausebreakdelete
680,https://www.linkedin.com/in/callum-blair,callum-blair
681,https://www.linkedin.com/in/marcmc,marcmc
682,https://www.linkedin.com/in/tomas-kmet,tomas-kmet
683,https://www.linkedin.com/in/tatsu-matsushima-2a672418a,tatsu-matsushima-2a672418a
684,https://www.linkedin.com/in/markwijnbergen,markwijnbergen
685,https://www.linkedin.com/in/chara-tsoukala,chara-tsoukala
686,https://www.linkedin.com/in/amirabdulaziz12,amirabdulaziz12
687,https://www.linkedin.com/in/kleber-noel,kleber-noel
688,https://www.linkedin.com/in/bram-grooteman-a10a05b9,bram-grooteman-a10a05b9
689,https://www.linkedin.com/in/kerstensdavid,kerstensdavid
690,https://www.linkedin.com/in/cian-hamilton-baa391240,cian-hamilton-baa391240
691,https://www.linkedin.com/in/francesco-bidoia-23084b121,francesco-bidoia-23084b121
692,https://www.linkedin.com/in/valeryia-kashtselian,valeryia-kashtselian
693,https://www.linkedin.com/in/abhishek-r-s,abhishek-r-s
694,https://www.linkedin.com/in/rufi-shaikh-3086b1b0,rufi-shaikh-3086b1b0
695,https://www.linkedin.com/in/alexanderalainmeijer,alexanderalainmeijer
696,https://www.linkedin.com/in/ACoAAAjVDGwBKcQp7gnNsuDqkkfyA9wU8z46l4Q,ACoAAAjVDGwBKcQp7gnNsuDqkkfyA9wU8z46l4Q
697,https://www.linkedin.com/in/nomomon,nomomon
698,https://www.linkedin.com/in/ahmed-metwaly-5876749a,ahmed-metwaly-5876749a
699,https://www.linkedin.com/in/felipe-vieira-001,felipe-vieira-001
700,https://www.linkedin.com/in/ACoAABrYnkoBEFD8GojiYuBD-xEujguWi_fVhn4,ACoAABrYnkoBEFD8GojiYuBD-xEujguWi_fVhn4
701,https://www.linkedin.com/in/sukhleen-kaur-bhullar,sukhleen-kaur-bhullar
702,https://www.linkedin.com/in/alperozoner,alperozoner
703,https://www.linkedin.com/in/johannesackva,johannesackva
704,https://www.linkedin.com/in/liese-schmidt,liese-schmidt
705,https://www.linkedin.com/in/vlad-malai-cw,vlad-malai-cw
706,https://www.linkedin.com/in/andrei-visoiu,andrei-visoiu
707,https://www.linkedin.com/in/christopher-du-toit-742341209,christopher-du-toit-742341209
708,https://www.linkedin.com/in/alleveenstra,alleveenstra
709,https://www.linkedin.com/in/manal-el-ajjaj-74268b225,manal-el-ajjaj-74268b225
710,https://www.linkedin.com/in/walewein-noordam-798528b6,walewein-noordam-798528b6
711,https://www.linkedin.com/in/meronamehamekonnen,meronamehamekonnen
712,https://www.linkedin.com/in/burcu-sahin,burcu-sahin
713,https://www.linkedin.com/in/alvarojimpal,alvarojimpal
714,https://www.linkedin.com/in/artemzapara,artemzapara
715,https://www.linkedin.com/in/jodaiber,jodaiber
716,https://www.linkedin.com/in/msmuskan,msmuskan
717,https://www.linkedin.com/in/alexander-fottner-5917a1186,alexander-fottner-5917a1186
718,https://www.linkedin.com/in/davidsuareznieto,davidsuareznieto
719,https://www.linkedin.com/in/saikatchat,saikatchat
720,https://www.linkedin.com/in/jakob-schmitt,jakob-schmitt
721,https://www.linkedin.com/in/jjzha,jjzha
722,https://www.linkedin.com/in/daanvandenoever,daanvandenoever
723,https://www.linkedin.com/in/robin-bakker-6189347b,robin-bakker-6189347b
724,https://www.linkedin.com/in/dimitar-zhelyazkov-9852297,dimitar-zhelyazkov-9852297
725,https://www.linkedin.com/in/umutmertdemirci,umutmertdemirci
726,https://www.linkedin.com/in/giulio-d-ippolito-a4570151,giulio-d-ippolito-a4570151
727,https://www.linkedin.com/in/sunyi-zheng,sunyi-zheng
728,https://www.linkedin.com/in/patricia-silva9,patricia-silva9
729,https://www.linkedin.com/in/ioanna-katidioti-aa483aba,ioanna-katidioti-aa483aba
730,https://www.linkedin.com/in/juliaeich,juliaeich
731,https://www.linkedin.com/in/martijn-schendstok,martijn-schendstok
732,https://www.linkedin.com/in/emilio-oldenziel-42b49857,emilio-oldenziel-42b49857
733,https://www.linkedin.com/in/berkeaslan,berkeaslan
734,https://www.linkedin.com/in/christopherpironti,christopherpironti
735,https://www.linkedin.com/in/elton-antonis,elton-antonis
736,https://www.linkedin.com/in/nathan-bosch,nathan-bosch
737,https://www.linkedin.com/in/ACoAAACOyjUB8lTC8dBPVCkplbAkmHXzJqp1ydM,ACoAAACOyjUB8lTC8dBPVCkplbAkmHXzJqp1ydM
738,https://www.linkedin.com/in/yliuyuqi,yliuyuqi
739,https://www.linkedin.com/in/harm-jan-setz-8972b995,harm-jan-setz-8972b995
740,https://www.linkedin.com/in/friesoturkstra,friesoturkstra
741,https://www.linkedin.com/in/alex-gheara-8705a0147,alex-gheara-8705a0147
742,https://www.linkedin.com/in/roel-rotteveel-155226143,roel-rotteveel-155226143
743,https://www.linkedin.com/in/niels-m%C3%B8ller-hansen-225ba020,niels-m%C3%B8ller-hansen-225ba020
744,https://www.linkedin.com/in/christiaan-douma-1018b9119,christiaan-douma-1018b9119
745,https://www.linkedin.com/in/dennisreitsma,dennisreitsma
746,https://www.linkedin.com/in/rixmit,rixmit
747,https://www.linkedin.com/in/jill-van-de-walle-6557479b,jill-van-de-walle-6557479b
748,https://www.linkedin.com/in/satchitchatterji,satchitchatterji
749,https://www.linkedin.com/in/menno-liefstingh,menno-liefstingh
750,https://www.linkedin.com/in/esther-v-den-berg,esther-v-den-berg
751,https://www.linkedin.com/in/ACoAAAOnY4IB71haFiJMrIooR6GKumKVyqmjEZg,ACoAAAOnY4IB71haFiJMrIooR6GKumKVyqmjEZg
752,https://www.linkedin.com/in/thomaswesselink-92,thomaswesselink-92
753,https://www.linkedin.com/in/lena-lai-cfa-bb613632,lena-lai-cfa-bb613632
754,https://www.linkedin.com/in/ewelinakurtys,ewelinakurtys
755,https://www.linkedin.com/in/jos-berends-70172b2,jos-berends-70172b2
756,https://www.linkedin.com/in/robert-van-timmeren-461131146,robert-van-timmeren-461131146
757,https://www.linkedin.com/in/primananda,primananda
758,https://www.linkedin.com/in/igor-tytyk,igor-tytyk
759,https://www.linkedin.com/in/ACoAAAUIiCEBjiS5n3OtzYgS4thboNA_AVvyNAQ,ACoAAAUIiCEBjiS5n3OtzYgS4thboNA_AVvyNAQ
760,https://www.linkedin.com/in/kiarashannenevers,kiarashannenevers
761,https://www.linkedin.com/in/octavian-pene,octavian-pene
762,https://www.linkedin.com/in/mathijs-pieters,mathijs-pieters
763,https://www.linkedin.com/in/gnsintnicolaas,gnsintnicolaas
764,https://www.linkedin.com/in/songyu-ren-108b96204,songyu-ren-108b96204
765,https://www.linkedin.com/in/aourora-ntoumi,aourora-ntoumi
766,https://www.linkedin.com/in/nils-keunecke-09284116b,nils-keunecke-09284116b
767,https://www.linkedin.com/in/ashwinvaidya17,ashwinvaidya17
768,https://www.linkedin.com/in/viktoriya-kostova-ux-design-research-consulting,viktoriya-kostova-ux-design-research-consulting
769,https://www.linkedin.com/in/eelke-van-foeken-ph-d-84b8001,eelke-van-foeken-ph-d-84b8001
770,https://www.linkedin.com/in/michalwlasenko,michalwlasenko
771,https://www.linkedin.com/in/ACoAACCGe9QBVOiRWlwYc2_V1Dh3oGv9PBefcv8,ACoAACCGe9QBVOiRWlwYc2_V1Dh3oGv9PBefcv8
772,https://www.linkedin.com/in/yanzhe-cao-411ab8b5,yanzhe-cao-411ab8b5
773,https://www.linkedin.com/in/mschutten,mschutten
774,https://www.linkedin.com/in/michiel-van-de-steeg-6abb8832,michiel-van-de-steeg-6abb8832
775,https://www.linkedin.com/in/jorrithdevries,jorrithdevries
776,https://www.linkedin.com/in/nassim-sedaghat,nassim-sedaghat
777,https://www.linkedin.com/in/ashwin-ittoo,ashwin-ittoo
778,https://www.linkedin.com/in/jelmer-reijerink,jelmer-reijerink
779,https://www.linkedin.com/in/jmperafan,jmperafan
780,https://www.linkedin.com/in/stijnkramer,stijnkramer
781,https://www.linkedin.com/in/ayxanhuseynli,ayxanhuseynli
782,https://www.linkedin.com/in/jochem-kleine,jochem-kleine
783,https://www.linkedin.com/in/halyna-muliava,halyna-muliava
784,https://www.linkedin.com/in/ivo-brink-308914210,ivo-brink-308914210
785,https://www.linkedin.com/in/kees-bekker,kees-bekker
786,https://www.linkedin.com/in/nickbruinsma,nickbruinsma
787,https://www.linkedin.com/in/carlos-rodolfo-huerta-santiago-2b5609100,carlos-rodolfo-huerta-santiago-2b5609100
788,https://www.linkedin.com/in/stefanmasnikovic,stefanmasnikovic
789,https://www.linkedin.com/in/manongrevinga,manongrevinga
790,https://www.linkedin.com/in/maria-sophia-stefan-44a4261a1,maria-sophia-stefan-44a4261a1
791,https://www.linkedin.com/in/bramzijlstra,bramzijlstra
792,https://www.linkedin.com/in/eva-jernegan-m-a-intelligence,eva-jernegan-m-a-intelligence
793,https://www.linkedin.com/in/kylevdlangemheen,kylevdlangemheen
794,https://www.linkedin.com/in/lefteris-karamoulas,lefteris-karamoulas
795,https://www.linkedin.com/in/thomas-bakker-204b934a,thomas-bakker-204b934a
796,https://www.linkedin.com/in/willemhendriks,willemhendriks
797,https://www.linkedin.com/in/leongraumans,leongraumans
798,https://www.linkedin.com/in/jan-henner-roberg,jan-henner-roberg
799,https://www.linkedin.com/in/iadelekan,iadelekan
800,https://www.linkedin.com/in/jochem-loedeman-811322124,jochem-loedeman-811322124
801,https://www.linkedin.com/in/steven-bosch-76607b134,steven-bosch-76607b134
802,https://www.linkedin.com/in/fajar-zulmi-sopian-03910b1b4,fajar-zulmi-sopian-03910b1b4
803,https://www.linkedin.com/in/bichngocdo,bichngocdo
804,https://www.linkedin.com/in/davidvandaalen,davidvandaalen
805,https://www.linkedin.com/in/zahra-putri-fitrianti-058212168,zahra-putri-fitrianti-058212168
806,https://www.linkedin.com/in/ayla-kangur,ayla-kangur
807,https://www.linkedin.com/in/shaluols,shaluols
808,https://www.linkedin.com/in/alicia-krebs,alicia-krebs
809,https://www.linkedin.com/in/yoonsik-yu-442696138,yoonsik-yu-442696138
810,https://www.linkedin.com/in/hristo-stanulov,hristo-stanulov
811,https://www.linkedin.com/in/gereon-vienken,gereon-vienken
812,https://www.linkedin.com/in/hamed-ayoobi-03343869,hamed-ayoobi-03343869
813,https://www.linkedin.com/in/sander-land,sander-land
814,https://www.linkedin.com/in/luke-pearson-73a632182,luke-pearson-73a632182
815,https://www.linkedin.com/in/antonstenaxel,antonstenaxel
816,https://www.linkedin.com/in/isadoraellis,isadoraellis
817,https://www.linkedin.com/in/dmitry-voronov-lv,dmitry-voronov-lv
818,https://www.linkedin.com/in/zhesun1984,zhesun1984
819,https://www.linkedin.com/in/xiao-zhang-0099671b5,xiao-zhang-0099671b5
820,https://www.linkedin.com/in/tapan-k-bhowmik-phd-7a762a102,tapan-k-bhowmik-phd-7a762a102
821,https://www.linkedin.com/in/daan-sijbring-151021146,daan-sijbring-151021146
822,https://www.linkedin.com/in/patrick-johannes-landwehr,patrick-johannes-landwehr
823,https://www.linkedin.com/in/kbouwman,kbouwman
824,https://www.linkedin.com/in/azdrenkrasniqi,azdrenkrasniqi
825,https://www.linkedin.com/in/richard-elderman-53388512b,richard-elderman-53388512b
826,https://www.linkedin.com/in/rjekker,rjekker
827,https://www.linkedin.com/in/alextutea,alextutea
828,https://www.linkedin.com/in/melike-janine-s%C3%B6kmen,melike-janine-s%C3%B6kmen
829,https://www.linkedin.com/in/younes-moustaghfir-6079bbb1,younes-moustaghfir-6079bbb1
830,https://www.linkedin.com/in/dea-kristina,dea-kristina
831,https://www.linkedin.com/in/johannacardonahernandez,johannacardonahernandez
832,https://www.linkedin.com/in/vcaldas,vcaldas
833,https://www.linkedin.com/in/leo-meireles-murtha,leo-meireles-murtha
834,https://www.linkedin.com/in/ani-grigoryanpsy,ani-grigoryanpsy
835,https://www.linkedin.com/in/b%C3%A1lint-hompot-1693811a0,b%C3%A1lint-hompot-1693811a0
836,https://www.linkedin.com/in/jarvin-mutatiina,jarvin-mutatiina
837,https://www.linkedin.com/in/nafidhaque,nafidhaque
838,https://www.linkedin.com/in/jm-44x,jm-44x
839,https://www.linkedin.com/in/joeldenes,joeldenes
840,https://www.linkedin.com/in/sjoerddehaan,sjoerddehaan
841,https://www.linkedin.com/in/thijshorstman,thijshorstman
842,https://www.linkedin.com/in/zulikah-latief-052b80143,zulikah-latief-052b80143
843,https://www.linkedin.com/in/%C3%B6mer-tarik-%C3%B6zyilmaz,%C3%B6mer-tarik-%C3%B6zyilmaz
844,https://www.linkedin.com/in/mark-helmus,mark-helmus
845,https://www.linkedin.com/in/atanas-janeshliev-621a94159,atanas-janeshliev-621a94159
846,https://www.linkedin.com/in/darie-petcu,darie-petcu
847,https://www.linkedin.com/in/shady-el-gewily-4b646556,shady-el-gewily-4b646556
848,https://www.linkedin.com/in/giovanni-galatro,giovanni-galatro
849,https://www.linkedin.com/in/thijsbohm,thijsbohm
850,https://www.linkedin.com/in/rens-sturm,rens-sturm
851,https://www.linkedin.com/in/lily-tian-724a49170,lily-tian-724a49170
852,https://www.linkedin.com/in/filipamiralopes,filipamiralopes
853,https://www.linkedin.com/in/fabien-francis,fabien-francis
854,https://www.linkedin.com/in/bharath-raj-m,bharath-raj-m
855,https://www.linkedin.com/in/madhur-boran,madhur-boran
856,https://www.linkedin.com/in/wouter-wakker,wouter-wakker
857,https://www.linkedin.com/in/fennie-van-der-graaf-fvdg,fennie-van-der-graaf-fvdg
858,https://www.linkedin.com/in/thomas-van-huyssteen,thomas-van-huyssteen
859,https://www.linkedin.com/in/antonsugonyako,antonsugonyako
860,https://www.linkedin.com/in/barisgecer,barisgecer
861,https://www.linkedin.com/in/emileottele,emileottele
862,https://www.linkedin.com/in/alexhill04,alexhill04
863,https://www.linkedin.com/in/dr-ehsan-warriach-7aa54233,dr-ehsan-warriach-7aa54233
864,https://www.linkedin.com/in/francescocontin,francescocontin
865,https://www.linkedin.com/in/henrigroenevelt,henrigroenevelt
866,https://www.linkedin.com/in/pnoordhuis,pnoordhuis
867,https://www.linkedin.com/in/maartenlmajoor,maartenlmajoor
868,https://www.linkedin.com/in/anton-p-b643261b8,anton-p-b643261b8
869,https://www.linkedin.com/in/renata-gotler,renata-gotler
870,https://www.linkedin.com/in/ruslan-brilenkov,ruslan-brilenkov
871,https://www.linkedin.com/in/arjan-jawahier-72114b227,arjan-jawahier-72114b227
872,https://www.linkedin.com/in/federica-trozzi-762167b4,federica-trozzi-762167b4
873,https://www.linkedin.com/in/warnerdejong,warnerdejong
874,https://www.linkedin.com/in/arjan-bruil,arjan-bruil
875,https://www.linkedin.com/in/gleb-krapivin-aa6812114,gleb-krapivin-aa6812114
876,https://www.linkedin.com/in/andriiskliar,andriiskliar
877,https://www.linkedin.com/in/jordy-dikkers-506719b8,jordy-dikkers-506719b8
878,https://www.linkedin.com/in/ACoAABlYfNcBO5hEP30VIUVu2GpMCq0_NHuZbK8,ACoAABlYfNcBO5hEP30VIUVu2GpMCq0_NHuZbK8
879,https://www.linkedin.com/in/wouterbloupot,wouterbloupot
880,https://www.linkedin.com/in/joram-koiter-6685a0100,joram-koiter-6685a0100
881,https://www.linkedin.com/in/mario-cavero-vidal,mario-cavero-vidal
882,https://www.linkedin.com/in/mlobo97,mlobo97
883,https://www.linkedin.com/in/subilal,subilal
884,https://www.linkedin.com/in/pjsmeinema,pjsmeinema
885,https://www.linkedin.com/in/floris-van-beers-198095181,floris-van-beers-198095181
886,https://www.linkedin.com/in/peter-varga-4082101a6,peter-varga-4082101a6
887,https://www.linkedin.com/in/yanyan-liu,yanyan-liu
888,https://www.linkedin.com/in/ankur-tiwary-061298,ankur-tiwary-061298
889,https://www.linkedin.com/in/michael-littlehale,michael-littlehale
890,https://www.linkedin.com/in/jasmin-til-bescos,jasmin-til-bescos
891,https://www.linkedin.com/in/a3sha2,a3sha2
892,https://www.linkedin.com/in/danny-van-dissel-5a591724,danny-van-dissel-5a591724
893,https://www.linkedin.com/in/jason-kentjana-36116b1a2,jason-kentjana-36116b1a2
894,https://www.linkedin.com/in/richard-richi-fischer,richard-richi-fischer
895,https://www.linkedin.com/in/ludger-visser,ludger-visser
896,https://www.linkedin.com/in/manoharsitapati,manoharsitapati
897,https://www.linkedin.com/in/francesco-dal-canton,francesco-dal-canton
898,https://www.linkedin.com/in/lsickert,lsickert
899,https://www.linkedin.com/in/brunoacsantos,brunoacsantos
900,https://www.linkedin.com/in/rinkecolen,rinkecolen
901,https://www.linkedin.com/in/hirad-alagha,hirad-alagha
902,https://www.linkedin.com/in/sanne-eggengoor,sanne-eggengoor
903,https://www.linkedin.com/in/so-hyung-kim,so-hyung-kim
904,https://www.linkedin.com/in/shadisaee,shadisaee
905,https://www.linkedin.com/in/n%C3%B3ra-balogh-kunst-phd-20b95453,n%C3%B3ra-balogh-kunst-phd-20b95453
906,https://www.linkedin.com/in/yochoudhri,yochoudhri
907,https://www.linkedin.com/in/ronlaan,ronlaan
908,https://www.linkedin.com/in/ginesiametlle,ginesiametlle
909,https://www.linkedin.com/in/ruhi-mahadeshwar-433aa81a7,ruhi-mahadeshwar-433aa81a7
910,https://www.linkedin.com/in/bas-roelenga-15920717,bas-roelenga-15920717
911,https://www.linkedin.com/in/samgalanakis,samgalanakis
912,https://www.linkedin.com/in/rutgerdiederix,rutgerdiederix
913,https://www.linkedin.com/in/jandomanski,jandomanski
914,https://www.linkedin.com/in/corsteging,corsteging
915,https://www.linkedin.com/in/daniel-skala-643905b7,daniel-skala-643905b7
916,https://www.linkedin.com/in/ruben-biskupec,ruben-biskupec
917,https://www.linkedin.com/in/spyretta-leivaditi-a278258b,spyretta-leivaditi-a278258b
918,https://www.linkedin.com/in/byron-rusch-08ba881b5,byron-rusch-08ba881b5
919,https://www.linkedin.com/in/tonkremer,tonkremer
920,https://www.linkedin.com/in/drs-kees-mulder-mba-a486897,drs-kees-mulder-mba-a486897
921,https://www.linkedin.com/in/feikoritsema,feikoritsema
922,https://www.linkedin.com/in/gabriella-gricius-57067425,gabriella-gricius-57067425
923,https://www.linkedin.com/in/maikel-grobbe,maikel-grobbe
924,https://www.linkedin.com/in/crharsulescu,crharsulescu
925,https://www.linkedin.com/in/vlad-corchis-7147761b8,vlad-corchis-7147761b8
926,https://www.linkedin.com/in/sampath-mukherjee-phd-2223a579,sampath-mukherjee-phd-2223a579
927,https://www.linkedin.com/in/mendelvantriet,mendelvantriet
928,https://www.linkedin.com/in/yudian-zhang,yudian-zhang
929,https://www.linkedin.com/in/evangelosdaravigkas,evangelosdaravigkas
930,https://www.linkedin.com/in/qaisarmukhtar,qaisarmukhtar
931,https://www.linkedin.com/in/robin-koezen-4b61b3102,robin-koezen-4b61b3102
932,https://www.linkedin.com/in/vlad-dobrovan-b43250a5,vlad-dobrovan-b43250a5
933,https://www.linkedin.com/in/mathkarvikramaditya,mathkarvikramaditya
934,https://www.linkedin.com/in/debora-nogaroli,debora-nogaroli
935,https://www.linkedin.com/in/catoveuger,catoveuger
936,https://www.linkedin.com/in/daniel-salamon-542001165,daniel-salamon-542001165
937,https://www.linkedin.com/in/juan-camilo-prieto-avella-75834b1b5,juan-camilo-prieto-avella-75834b1b5
938,https://www.linkedin.com/in/henry-salas,henry-salas
939,https://www.linkedin.com/in/lautvdmaas,lautvdmaas
940,https://www.linkedin.com/in/flvdberg,flvdberg
941,https://www.linkedin.com/in/cesarevalitutto,cesarevalitutto
942,https://www.linkedin.com/in/basakhkorkut9,basakhkorkut9
943,https://www.linkedin.com/in/paul-morgenstern,paul-morgenstern
944,https://www.linkedin.com/in/prajwalambekar,prajwalambekar
945,https://www.linkedin.com/in/mathanja-verkaik,mathanja-verkaik
946,https://www.linkedin.com/in/kurt-vanhoutte-9149607,kurt-vanhoutte-9149607
947,https://www.linkedin.com/in/todd-matsumoto-90b45010,todd-matsumoto-90b45010
948,https://www.linkedin.com/in/sabrina-lin-97793310a,sabrina-lin-97793310a
949,https://www.linkedin.com/in/francescoelia,francescoelia
950,https://www.linkedin.com/in/almas-hilman-muhtadi-271906a3,almas-hilman-muhtadi-271906a3
951,https://www.linkedin.com/in/jonasbraadbaart,jonasbraadbaart
952,https://www.linkedin.com/in/rolandayunghoi1,rolandayunghoi1
953,https://www.linkedin.com/in/gabriele-bani-ai,gabriele-bani-ai
954,https://www.linkedin.com/in/philip-yankov,philip-yankov
955,https://www.linkedin.com/in/shikha-surana,shikha-surana
956,https://www.linkedin.com/in/filipeacapela,filipeacapela
957,https://www.linkedin.com/in/danielaboo,danielaboo
958,https://www.linkedin.com/in/abanoub-nessim-mikhail,abanoub-nessim-mikhail
959,https://www.linkedin.com/in/antonia-febe-hartono-cfa-62720956,antonia-febe-hartono-cfa-62720956
960,https://www.linkedin.com/in/janine-willems-88bb4342,janine-willems-88bb4342
961,https://www.linkedin.com/in/hamoud-khamis,hamoud-khamis
962,https://www.linkedin.com/in/ivar-mak,ivar-mak
963,https://www.linkedin.com/in/tino-cox-a8067a20,tino-cox-a8067a20
964,https://www.linkedin.com/in/mark-boer-10a2b9a3,mark-boer-10a2b9a3
965,https://www.linkedin.com/in/joan-jose,joan-jose
966,https://www.linkedin.com/in/giagkoulaspanagiotis,giagkoulaspanagiotis
967,https://www.linkedin.com/in/milosz-krasowski-frm-47a15a51,milosz-krasowski-frm-47a15a51
968,https://www.linkedin.com/in/roderikemmerink,roderikemmerink
969,https://www.linkedin.com/in/anni-kortesmaa,anni-kortesmaa
970,https://www.linkedin.com/in/serena-chiayu-wu,serena-chiayu-wu
971,https://www.linkedin.com/in/antonscheepstra,antonscheepstra
972,https://www.linkedin.com/in/wico-mulder-069361,wico-mulder-069361
973,https://www.linkedin.com/in/mihai-popescu-50744259,mihai-popescu-50744259
974,https://www.linkedin.com/in/siger-steenstra-348b18146,siger-steenstra-348b18146
975,https://www.linkedin.com/in/maxwetzer,maxwetzer
976,https://www.linkedin.com/in/frits-van-hulten-b0505a60,frits-van-hulten-b0505a60
977,https://www.linkedin.com/in/bmvpereira,bmvpereira
978,https://www.linkedin.com/in/levischilder,levischilder
979,https://www.linkedin.com/in/manuel-alejandro-delgadillo-ferrel-6132381a3,manuel-alejandro-delgadillo-ferrel-6132381a3
980,https://www.linkedin.com/in/loek-van-dijk-17b990150,loek-van-dijk-17b990150
981,https://www.linkedin.com/in/giacomo-reghelin,giacomo-reghelin
982,https://www.linkedin.com/in/sean-cafferty-nlp,sean-cafferty-nlp
983,https://www.linkedin.com/in/h-schuetzwohl,h-schuetzwohl
984,https://www.linkedin.com/in/alex-xingye-li-720645137,alex-xingye-li-720645137
985,https://www.linkedin.com/in/nadiatuller,nadiatuller
986,https://www.linkedin.com/in/ninojansen,ninojansen
987,https://www.linkedin.com/in/ksenia-iakovleva-4b4b1a176,ksenia-iakovleva-4b4b1a176
988,https://www.linkedin.com/in/douwe-gelling-76306467,douwe-gelling-76306467
989,https://www.linkedin.com/in/fleur-wieland-a4479a120,fleur-wieland-a4479a120
990,https://www.linkedin.com/in/yu-wen-chen-095a2213b,yu-wen-chen-095a2213b
991,https://www.linkedin.com/in/tomoka-tanaka,tomoka-tanaka
992,https://www.linkedin.com/in/yuanqing-zhang,yuanqing-zhang
993,https://www.linkedin.com/in/amit-bharti936,amit-bharti936
994,https://www.linkedin.com/in/tomer-gabay,tomer-gabay
995,https://www.linkedin.com/in/laurenshogeweg,laurenshogeweg
996,https://www.linkedin.com/in/pinar-arslan-cl-ml-nlp,pinar-arslan-cl-ml-nlp
997,https://www.linkedin.com/in/vincent-slot-a6b34891,vincent-slot-a6b34891
998,https://www.linkedin.com/in/maartjevandiepen,maartjevandiepen
999,https://www.linkedin.com/in/remo-sasso-b9837a1ba,remo-sasso-b9837a1ba
1000,https://www.linkedin.com/in/ivaylo-zhelev-62a531155,ivaylo-zhelev-62a531155
1001,https://www.linkedin.com/in/ACoAAAFcXFoBld__st4nk8m4ahiWMvXzMFu9aZo,ACoAAAFcXFoBld__st4nk8m4ahiWMvXzMFu9aZo
1002,https://www.linkedin.com/in/daniel-karavolos-phd-2706568,daniel-karavolos-phd-2706568
1003,https://www.linkedin.com/in/federico-ferlito,federico-ferlito
1004,https://www.linkedin.com/in/misael-jashiel-a-200256bb,misael-jashiel-a-200256bb
1005,https://www.linkedin.com/in/ketran,ketran
1006,https://www.linkedin.com/in/mark-teisman,mark-teisman
1007,https://www.linkedin.com/in/femke-buijs-4061a427,femke-buijs-4061a427
1008,https://www.linkedin.com/in/oege-dijk,oege-dijk
1009,https://www.linkedin.com/in/daanbeverdam,daanbeverdam
1010,https://www.linkedin.com/in/jos-van-de-wolfshaar,jos-van-de-wolfshaar
1011,https://www.linkedin.com/in/tparisotto,tparisotto
1012,https://www.linkedin.com/in/mohamed-gamil-,mohamed-gamil-
1013,https://www.linkedin.com/in/sjoukjebakker,sjoukjebakker
1014,https://www.linkedin.com/in/meldra-vasarina,meldra-vasarina
1015,https://www.linkedin.com/in/ayuningtyas,ayuningtyas
1016,https://www.linkedin.com/in/clement-arnarez,clement-arnarez
1017,https://www.linkedin.com/in/andreelzedevries,andreelzedevries
1018,https://www.linkedin.com/in/marius-cautun,marius-cautun
1019,https://www.linkedin.com/in/malakyounis,malakyounis
1020,https://www.linkedin.com/in/ACoAABU-UF4BLIpf8HsWIrDzu-4VFRoiVxdqr2s,ACoAABU-UF4BLIpf8HsWIrDzu-4VFRoiVxdqr2s
1021,https://www.linkedin.com/in/bogdan-iordan,bogdan-iordan
1022,https://www.linkedin.com/in/jindeshubham,jindeshubham
1023,https://www.linkedin.com/in/esther-moes,esther-moes
1024,https://www.linkedin.com/in/alfonsomedela,alfonsomedela
1025,https://www.linkedin.com/in/francesca-bonin-wd,francesca-bonin-wd
1026,https://www.linkedin.com/in/vishalsreenivasan,vishalsreenivasan
1027,https://www.linkedin.com/in/casper-dijkstra-30661897,casper-dijkstra-30661897
1028,https://www.linkedin.com/in/roelien-bijker-brakke-64048191,roelien-bijker-brakke-64048191
1029,https://www.linkedin.com/in/igorpidik,igorpidik
1030,https://www.linkedin.com/in/peter-lammers,peter-lammers
1031,https://www.linkedin.com/in/subhaditya-mukherjee-a36883100,subhaditya-mukherjee-a36883100
1032,https://www.linkedin.com/in/nil-stolt-ans%C3%B3-6110aa136,nil-stolt-ans%C3%B3-6110aa136
1033,https://www.linkedin.com/in/laurens-smit-08942726,laurens-smit-08942726
1034,https://www.linkedin.com/in/ivelinadoynova,ivelinadoynova
1035,https://www.linkedin.com/in/alexbrussee,alexbrussee
1036,https://www.linkedin.com/in/mvaraf,mvaraf
1037,https://www.linkedin.com/in/fokkodriesprong,fokkodriesprong
1038,https://www.linkedin.com/in/oscar-bocking-789b51142,oscar-bocking-789b51142
1039,https://www.linkedin.com/in/mkburza,mkburza
1040,https://www.linkedin.com/in/otto-stomp,otto-stomp
1041,https://www.linkedin.com/in/laurens-jan-s-ab0aa31b,laurens-jan-s-ab0aa31b
1042,https://www.linkedin.com/in/ketan-sahu,ketan-sahu
1043,https://www.linkedin.com/in/oleksandr-ivanov-phd-99ba47b7,oleksandr-ivanov-phd-99ba47b7
1044,https://www.linkedin.com/in/nbertelsen,nbertelsen
1045,https://www.linkedin.com/in/fabiobracci,fabiobracci
1046,https://www.linkedin.com/in/jildou-de-vries-55054047,jildou-de-vries-55054047
1047,https://www.linkedin.com/in/galiya-yeshmagambetova,galiya-yeshmagambetova
1048,https://www.linkedin.com/in/joost-van-lemmen-10458452,joost-van-lemmen-10458452
1049,https://www.linkedin.com/in/rene-flohil,rene-flohil
1050,https://www.linkedin.com/in/abolfazl-taghribi-b5321680,abolfazl-taghribi-b5321680
1051,https://www.linkedin.com/in/martinmajlis,martinmajlis
1052,https://www.linkedin.com/in/linpingluo,linpingluo
1053,https://www.linkedin.com/in/mcardus,mcardus
1054,https://www.linkedin.com/in/oliviatran99,oliviatran99
1055,https://www.linkedin.com/in/liorah-monteiro-a95b0617a,liorah-monteiro-a95b0617a
1056,https://www.linkedin.com/in/jobwever,jobwever
1057,https://www.linkedin.com/in/marvin-gareiss-b37517160,marvin-gareiss-b37517160
1058,https://www.linkedin.com/in/yannick-pichardo,yannick-pichardo
1059,https://www.linkedin.com/in/ACoAAA4w7zQBclbo3aktHhuOvsfh0ZlbPsZLs3U,ACoAAA4w7zQBclbo3aktHhuOvsfh0ZlbPsZLs3U
1060,https://www.linkedin.com/in/vlad-ciobotea-323a88142,vlad-ciobotea-323a88142
1061,https://www.linkedin.com/in/ya-chun-tang-6a75b0aa,ya-chun-tang-6a75b0aa
1062,https://www.linkedin.com/in/hielkedv,hielkedv
1063,https://www.linkedin.com/in/roeland-lindhout,roeland-lindhout
1064,https://www.linkedin.com/in/stefanomessina,stefanomessina
1065,https://www.linkedin.com/in/glebzhidkov,glebzhidkov
1066,https://www.linkedin.com/in/sebastian-wehkamp,sebastian-wehkamp
1067,https://www.linkedin.com/in/juan-buhagiar-b419534a,juan-buhagiar-b419534a
1068,https://www.linkedin.com/in/yurii-karpiuk,yurii-karpiuk
1069,https://www.linkedin.com/in/niklas-hansen-17a0a9136,niklas-hansen-17a0a9136
1070,https://www.linkedin.com/in/paulneculoiu,paulneculoiu
1071,https://www.linkedin.com/in/m-pirozzi,m-pirozzi
1072,https://www.linkedin.com/in/ciromascolo,ciromascolo
1073,https://www.linkedin.com/in/borach-j-811869149,borach-j-811869149
1074,https://www.linkedin.com/in/ACoAADKAtw8BSyjUDvLgVZHxdyOjn65Grm9UTuY,ACoAADKAtw8BSyjUDvLgVZHxdyOjn65Grm9UTuY
1075,https://www.linkedin.com/in/malysheva42,malysheva42
1076,https://www.linkedin.com/in/nischal-madiraju-81b64a102,nischal-madiraju-81b64a102
1077,https://www.linkedin.com/in/junyu-ke,junyu-ke
1078,https://www.linkedin.com/in/emiel-stoelinga-a564965a,emiel-stoelinga-a564965a
1079,https://www.linkedin.com/in/kristynatomsu,kristynatomsu
1080,https://www.linkedin.com/in/christian-skorobogatow,christian-skorobogatow
1081,https://www.linkedin.com/in/sophie-hugenholtz,sophie-hugenholtz
1082,https://www.linkedin.com/in/judith-schmitz-77a1518a,judith-schmitz-77a1518a
1083,https://www.linkedin.com/in/bob-de-vos,bob-de-vos
1084,https://www.linkedin.com/in/dennis-alders,dennis-alders
1085,https://www.linkedin.com/in/richard-scholtens-61014352,richard-scholtens-61014352
1086,https://www.linkedin.com/in/antonios-koutounidis-551b26192,antonios-koutounidis-551b26192
1087,https://www.linkedin.com/in/roberto-navarro-184404180,roberto-navarro-184404180
1088,https://www.linkedin.com/in/khanakgulati,khanakgulati
1089,https://www.linkedin.com/in/si-nguyen-thu-mai,si-nguyen-thu-mai
1090,https://www.linkedin.com/in/sjoerd-hoekstra-94169328,sjoerd-hoekstra-94169328
1091,https://www.linkedin.com/in/suri-chen,suri-chen
1092,https://www.linkedin.com/in/ACoAAARVBAoBn5ZDRYsBIWqFRsSTDMJKkhXNzL8,ACoAAARVBAoBn5ZDRYsBIWqFRsSTDMJKkhXNzL8
1093,https://www.linkedin.com/in/quin-k-a3b6867b,quin-k-a3b6867b
1094,https://www.linkedin.com/in/sieuwkereitsma,sieuwkereitsma
1095,https://www.linkedin.com/in/nehabari,nehabari
1096,https://www.linkedin.com/in/romero-miguel,romero-miguel
1097,https://www.linkedin.com/in/ACoAAAsenIQBtZOnrXubSxWiASnKu5Yv1k6BunY,ACoAAAsenIQBtZOnrXubSxWiASnKu5Yv1k6BunY
1098,https://www.linkedin.com/in/mory-kaba-80b5641a0,mory-kaba-80b5641a0
1099,https://www.linkedin.com/in/jaspervanwanrooy,jaspervanwanrooy
1100,https://www.linkedin.com/in/tamara-poghosyan-ba6506101,tamara-poghosyan-ba6506101
1101,https://www.linkedin.com/in/lieke-boshuis-6ab85688,lieke-boshuis-6ab85688
1102,https://www.linkedin.com/in/kamal-mokhtar-55702148,kamal-mokhtar-55702148
1103,https://www.linkedin.com/in/ishtiaqahmad,ishtiaqahmad
1104,https://www.linkedin.com/in/jacekkustra,jacekkustra
1105,https://www.linkedin.com/in/duartesergio,duartesergio
1106,https://www.linkedin.com/in/martin-mitev-795654a5,martin-mitev-795654a5
1107,https://www.linkedin.com/in/nikoletatsitsoli,nikoletatsitsoli
1108,https://www.linkedin.com/in/rutger-verhaar-2a6568157,rutger-verhaar-2a6568157
1109,https://www.linkedin.com/in/michaela-regneri-47a0356,michaela-regneri-47a0356
1110,https://www.linkedin.com/in/%F0%9F%A7%A0-liudmila-glavinskaya-45858852,%F0%9F%A7%A0-liudmila-glavinskaya-45858852
1111,https://www.linkedin.com/in/fatemeh-jokar-655a7954,fatemeh-jokar-655a7954
1112,https://www.linkedin.com/in/uday-bakhshi-785a4718b,uday-bakhshi-785a4718b
1113,https://www.linkedin.com/in/jeffluppes,jeffluppes
1114,https://www.linkedin.com/in/trinh-lethimy,trinh-lethimy
1115,https://www.linkedin.com/in/thomas-van-dongen,thomas-van-dongen
1116,https://www.linkedin.com/in/poojagowda7897,poojagowda7897
1117,https://www.linkedin.com/in/sharif-hamed-a8737917b,sharif-hamed-a8737917b
1118,https://www.linkedin.com/in/ACoAADTRsjsB1jJdOOeE0D-5FNqUvvFIDHM2N14,ACoAADTRsjsB1jJdOOeE0D-5FNqUvvFIDHM2N14
1119,https://www.linkedin.com/in/esinbahar,esinbahar
1120,https://www.linkedin.com/in/jlmaas,jlmaas
1121,https://www.linkedin.com/in/maarten-grachten,maarten-grachten
1122,https://www.linkedin.com/in/huub-kant,huub-kant
1123,https://www.linkedin.com/in/job-formsma-a23b9b1b4,job-formsma-a23b9b1b4
1124,https://www.linkedin.com/in/paul-ozkohen,paul-ozkohen
1125,https://www.linkedin.com/in/francesco-fanchin,francesco-fanchin
1126,https://www.linkedin.com/in/rubyhwu,rubyhwu
1127,https://www.linkedin.com/in/oscar-de-vries-421887198,oscar-de-vries-421887198
1128,https://www.linkedin.com/in/nouman10,nouman10
1129,https://www.linkedin.com/in/gabriele-martinero-47485312a,gabriele-martinero-47485312a
1130,https://www.linkedin.com/in/barbara-anne-harms-663718150,barbara-anne-harms-663718150
1131,https://www.linkedin.com/in/panagiotis-tzafos,panagiotis-tzafos
1132,https://www.linkedin.com/in/christos-patrikalas-291154128,christos-patrikalas-291154128
1133,https://www.linkedin.com/in/ben-beinke,ben-beinke
1134,https://www.linkedin.com/in/ankit001mittal,ankit001mittal
1135,https://www.linkedin.com/in/maikelwithagen,maikelwithagen
1136,https://www.linkedin.com/in/eoin-b-533145172,eoin-b-533145172
1137,https://www.linkedin.com/in/stefan-m-wierda,stefan-m-wierda
1138,https://www.linkedin.com/in/hein-van-der-ploeg-12257b27,hein-van-der-ploeg-12257b27
1139,https://www.linkedin.com/in/nawouda,nawouda
1140,https://www.linkedin.com/in/deniz-guzel-8549a1105,deniz-guzel-8549a1105
1141,https://www.linkedin.com/in/lanoteboom,lanoteboom
1142,https://www.linkedin.com/in/andreaspentaliotis,andreaspentaliotis
1143,https://www.linkedin.com/in/piotr-zakrzewski-b9325877,piotr-zakrzewski-b9325877
1144,https://www.linkedin.com/in/marije-vd-hoeven-199956,marije-vd-hoeven-199956
1145,https://www.linkedin.com/in/vlad-toie,vlad-toie
1146,https://www.linkedin.com/in/werner-van-der-veen,werner-van-der-veen
1147,https://www.linkedin.com/in/yuyiming,yuyiming
1148,https://www.linkedin.com/in/dmitrijsmilajevs,dmitrijsmilajevs
1149,https://www.linkedin.com/in/tarek-eissamoh,tarek-eissamoh
1150,https://www.linkedin.com/in/lisahalman,lisahalman
1151,https://www.linkedin.com/in/gregory-schweickert-433734254,gregory-schweickert-433734254
1152,https://www.linkedin.com/in/mehdiamiri6,mehdiamiri6
1153,https://www.linkedin.com/in/ward-de-weijer-ab80021b3,ward-de-weijer-ab80021b3
1154,https://www.linkedin.com/in/pablo-araya-melo-25771133,pablo-araya-melo-25771133
1155,https://www.linkedin.com/in/alejandro-p%C3%A9rez-gancedo-53bb18153,alejandro-p%C3%A9rez-gancedo-53bb18153
1156,https://www.linkedin.com/in/ludmilatydlitatova,ludmilatydlitatova
1157,https://www.linkedin.com/in/ingeborg-van-keulen-9a0a18161,ingeborg-van-keulen-9a0a18161
1158,https://www.linkedin.com/in/christinahitrova,christinahitrova
1159,https://www.linkedin.com/in/chrisvanriemsdijk,chrisvanriemsdijk
1160,https://www.linkedin.com/in/ronny-atoche-65797194,ronny-atoche-65797194
1161,https://www.linkedin.com/in/twan-vos-25a6901a1,twan-vos-25a6901a1
1162,https://www.linkedin.com/in/ACoAABXvgFoBHQxXBsfwoRT3tW3Dlkigte8lW0c,ACoAABXvgFoBHQxXBsfwoRT3tW3Dlkigte8lW0c
1163,https://www.linkedin.com/in/agemooij,agemooij
1164,https://www.linkedin.com/in/luke-hewson-847509178,luke-hewson-847509178
1165,https://www.linkedin.com/in/bkiyoshi,bkiyoshi
1166,https://www.linkedin.com/in/doulgeris-geo,doulgeris-geo
1167,https://www.linkedin.com/in/yuying-ye,yuying-ye
1168,https://www.linkedin.com/in/barran-haunan-36b66170,barran-haunan-36b66170
1169,https://www.linkedin.com/in/sybrendantuma,sybrendantuma
1170,https://www.linkedin.com/in/omid-moradiannasab-70530632,omid-moradiannasab-70530632
1171,https://www.linkedin.com/in/abhishekspatil,abhishekspatil
1172,https://www.linkedin.com/in/carynna-de-zilva,carynna-de-zilva
1173,https://www.linkedin.com/in/ulaseraslan,ulaseraslan
1174,https://www.linkedin.com/in/jakov-p-latas,jakov-p-latas
1175,https://www.linkedin.com/in/anjawiesner,anjawiesner
1176,https://www.linkedin.com/in/hemran-akhtari,hemran-akhtari
1177,https://www.linkedin.com/in/chang-fan-99b934104,chang-fan-99b934104
1178,https://www.linkedin.com/in/myrthelammerse,myrthelammerse
1179,https://www.linkedin.com/in/lili-s-29a6a430,lili-s-29a6a430
1180,https://www.linkedin.com/in/jasper-krebbers-019800102,jasper-krebbers-019800102
1181,https://www.linkedin.com/in/christoph-schauer,christoph-schauer
1182,https://www.linkedin.com/in/jangerrits,jangerrits
1183,https://www.linkedin.com/in/kevinrossnl,kevinrossnl
1184,https://www.linkedin.com/in/radu-gheorghe-798913166,radu-gheorghe-798913166
1185,https://www.linkedin.com/in/wido-jongman-ab51782,wido-jongman-ab51782
